CREATE DATABASE  IF NOT EXISTS `bodega` /*!40100 DEFAULT CHARACTER SET utf8mb4 COLLATE utf8mb4_0900_ai_ci */ /*!80016 DEFAULT ENCRYPTION='N' */;
USE `bodega`;
-- MySQL dump 10.13  Distrib 8.0.42, for Win64 (x86_64)
--
-- Host: 127.0.0.1    Database: bodega
-- ------------------------------------------------------
-- Server version	9.3.0

/*!40101 SET @OLD_CHARACTER_SET_CLIENT=@@CHARACTER_SET_CLIENT */;
/*!40101 SET @OLD_CHARACTER_SET_RESULTS=@@CHARACTER_SET_RESULTS */;
/*!40101 SET @OLD_COLLATION_CONNECTION=@@COLLATION_CONNECTION */;
/*!50503 SET NAMES utf8 */;
/*!40103 SET @OLD_TIME_ZONE=@@TIME_ZONE */;
/*!40103 SET TIME_ZONE='+00:00' */;
/*!40014 SET @OLD_UNIQUE_CHECKS=@@UNIQUE_CHECKS, UNIQUE_CHECKS=0 */;
/*!40014 SET @OLD_FOREIGN_KEY_CHECKS=@@FOREIGN_KEY_CHECKS, FOREIGN_KEY_CHECKS=0 */;
/*!40101 SET @OLD_SQL_MODE=@@SQL_MODE, SQL_MODE='NO_AUTO_VALUE_ON_ZERO' */;
/*!40111 SET @OLD_SQL_NOTES=@@SQL_NOTES, SQL_NOTES=0 */;

--
-- Table structure for table `boletacabecera`
--

DROP TABLE IF EXISTS `boletacabecera`;
/*!40101 SET @saved_cs_client     = @@character_set_client */;
/*!50503 SET character_set_client = utf8mb4 */;
CREATE TABLE `boletacabecera` (
  `ID_BoletaCabecera` int NOT NULL AUTO_INCREMENT,
  `Fecha` timestamp NOT NULL,
  `TotalOPInafecta` decimal(5,2) NOT NULL,
  `TotalOPGravada` decimal(5,2) NOT NULL,
  `IGV` decimal(5,2) NOT NULL,
  `Total` decimal(5,2) NOT NULL,
  `ID_Cliente` int NOT NULL,
  `ID_Cajero` int NOT NULL,
  `ID_TipoPago` int NOT NULL,
  `ID_Cancelo` int DEFAULT NULL,
  PRIMARY KEY (`ID_BoletaCabecera`),
  KEY `fk_Cliente` (`ID_Cliente`),
  KEY `fk_Cajero` (`ID_Cajero`),
  KEY `fk_TipoPago` (`ID_TipoPago`),
  KEY `fk_Cancelo` (`ID_Cancelo`),
  CONSTRAINT `fk_Cajero` FOREIGN KEY (`ID_Cajero`) REFERENCES `cajero` (`ID_Cajero`),
  CONSTRAINT `fk_Cancelo` FOREIGN KEY (`ID_Cancelo`) REFERENCES `cancelo` (`ID_Cancelo`),
  CONSTRAINT `fk_Cliente` FOREIGN KEY (`ID_Cliente`) REFERENCES `cliente` (`ID_Cliente`),
  CONSTRAINT `fk_TipoPago` FOREIGN KEY (`ID_TipoPago`) REFERENCES `tipopago` (`ID_TipoPago`)
) ENGINE=InnoDB AUTO_INCREMENT=152 DEFAULT CHARSET=utf8mb4 COLLATE=utf8mb4_0900_ai_ci;
/*!40101 SET character_set_client = @saved_cs_client */;

--
-- Dumping data for table `boletacabecera`
--

LOCK TABLES `boletacabecera` WRITE;
/*!40000 ALTER TABLE `boletacabecera` DISABLE KEYS */;
INSERT INTO `boletacabecera` VALUES (1,'2025-06-10 05:00:00',26.10,5.08,0.91,32.09,74,5,1,NULL),(2,'2025-06-10 05:00:00',6.66,3.85,0.69,11.20,114,1,1,NULL),(3,'2025-06-10 05:00:00',0.00,13.04,2.35,15.39,173,4,1,NULL),(4,'2025-06-10 05:00:00',36.43,31.16,5.61,73.20,46,5,1,NULL),(5,'2025-06-11 05:00:00',13.20,37.81,6.81,57.82,160,2,1,1),(6,'2025-06-11 05:00:00',0.00,7.06,1.27,8.33,148,5,1,1),(7,'2025-06-11 05:00:00',5.86,22.37,4.03,32.26,135,5,1,NULL),(8,'2025-06-11 05:00:00',0.00,2.79,0.50,3.29,9,4,1,1),(9,'2025-06-11 05:00:00',0.00,8.70,1.57,10.27,43,3,1,NULL),(10,'2025-06-11 05:00:00',28.62,23.70,4.27,56.59,161,1,1,NULL),(11,'2025-06-11 05:00:00',24.50,13.54,2.44,40.48,23,2,1,1),(12,'2025-06-11 05:00:00',14.25,0.00,0.00,14.25,12,2,1,NULL),(13,'2025-06-11 05:00:00',0.00,4.84,0.87,5.71,48,5,1,NULL),(14,'2025-06-12 05:00:00',0.00,13.62,2.45,16.07,13,4,1,NULL),(15,'2025-06-12 05:00:00',19.83,20.42,3.68,43.93,58,2,1,NULL),(16,'2025-06-12 05:00:00',0.00,7.86,1.41,9.27,171,2,1,NULL),(17,'2025-06-12 05:00:00',7.17,1.56,0.28,9.01,91,4,1,NULL),(18,'2025-06-13 05:00:00',6.11,15.72,2.83,24.66,157,5,1,NULL),(19,'2025-06-13 05:00:00',19.87,15.00,2.70,37.57,174,5,1,1),(20,'2025-06-13 05:00:00',15.56,19.18,3.45,38.19,5,2,1,1),(21,'2025-06-13 05:00:00',8.56,24.52,4.41,37.49,53,5,1,NULL),(22,'2025-06-13 05:00:00',4.31,4.92,0.89,10.12,73,2,1,NULL),(23,'2025-06-13 05:00:00',32.37,11.16,2.01,45.54,174,3,1,1),(24,'2025-06-14 05:00:00',33.23,0.00,0.00,33.23,31,5,1,NULL),(25,'2025-06-14 05:00:00',1.79,48.14,8.67,58.60,37,1,1,NULL),(26,'2025-06-14 05:00:00',0.00,9.68,1.74,11.42,92,1,1,NULL),(27,'2025-06-14 05:00:00',19.90,37.48,6.75,64.13,19,2,1,NULL),(28,'2025-06-14 05:00:00',3.57,1.64,0.30,5.51,161,1,2,NULL),(29,'2025-06-15 05:00:00',9.88,35.18,6.33,51.39,110,2,1,NULL),(30,'2025-06-15 05:00:00',3.77,50.58,9.10,63.45,156,1,1,NULL),(31,'2025-06-15 05:00:00',11.40,16.65,3.00,31.05,73,2,1,NULL),(32,'2025-06-15 05:00:00',9.90,0.00,0.00,9.90,67,2,1,NULL),(33,'2025-06-15 05:00:00',6.47,29.61,5.33,41.41,4,2,1,NULL),(34,'2025-06-15 05:00:00',7.20,8.12,1.46,16.78,87,4,1,1),(35,'2025-06-15 05:00:00',6.67,23.94,4.31,34.92,173,3,1,NULL),(36,'2025-06-15 05:00:00',14.93,52.96,9.53,77.42,163,2,1,1),(37,'2025-06-15 05:00:00',7.72,5.08,0.91,13.71,9,1,1,1),(38,'2025-06-15 05:00:00',6.54,30.09,5.42,42.05,26,3,1,1),(39,'2025-06-15 05:00:00',15.38,14.35,2.58,32.31,40,4,1,NULL),(40,'2025-06-15 05:00:00',0.00,7.22,1.30,8.52,35,4,1,1),(41,'2025-06-15 05:00:00',4.36,21.24,3.82,29.42,5,3,1,1),(42,'2025-06-15 05:00:00',9.36,0.00,0.00,9.36,97,4,1,NULL),(43,'2025-06-16 05:00:00',0.00,7.87,1.42,9.29,77,4,2,1),(44,'2025-06-16 05:00:00',19.41,17.87,3.22,40.50,147,3,1,1),(45,'2025-06-16 05:00:00',25.19,3.78,0.68,29.65,81,2,1,1),(46,'2025-06-16 05:00:00',0.00,28.13,5.06,33.19,37,4,1,NULL),(47,'2025-06-16 05:00:00',19.90,0.00,0.00,19.90,59,1,1,1),(48,'2025-06-16 05:00:00',35.49,10.17,1.83,47.49,132,2,1,NULL),(49,'2025-06-16 05:00:00',22.70,8.12,1.46,32.28,106,2,1,NULL),(50,'2025-06-16 05:00:00',14.66,6.97,1.25,22.88,142,5,1,NULL),(51,'2025-06-17 05:00:00',2.49,0.00,0.00,2.49,88,2,1,NULL),(52,'2025-06-17 05:00:00',14.53,10.82,1.95,27.30,26,4,1,1),(53,'2025-06-17 05:00:00',3.53,14.51,2.61,20.65,8,3,1,NULL),(54,'2025-06-17 05:00:00',43.99,17.79,3.20,64.98,12,3,1,NULL),(55,'2025-06-17 05:00:00',12.88,18.12,3.26,34.26,90,2,1,NULL),(56,'2025-06-17 05:00:00',21.24,24.52,4.41,50.17,17,1,2,NULL),(57,'2025-06-17 05:00:00',22.86,10.99,1.98,35.83,76,4,1,NULL),(58,'2025-06-18 05:00:00',25.92,30.83,5.55,62.30,114,4,1,NULL),(59,'2025-06-18 05:00:00',27.68,13.86,2.49,44.03,149,3,1,NULL),(60,'2025-06-18 05:00:00',0.80,9.68,1.74,12.22,50,1,1,NULL),(61,'2025-06-18 05:00:00',0.00,25.09,4.52,29.61,154,2,1,NULL),(62,'2025-06-19 05:00:00',0.00,15.74,2.83,18.57,75,1,1,NULL),(63,'2025-06-19 05:00:00',4.27,0.00,0.00,4.27,91,3,1,NULL),(64,'2025-06-19 05:00:00',0.00,31.08,5.59,36.67,11,2,1,NULL),(65,'2025-06-19 05:00:00',23.00,4.43,0.80,28.23,172,3,1,1),(66,'2025-06-19 05:00:00',52.00,3.44,0.62,56.06,80,4,1,NULL),(67,'2025-06-19 05:00:00',9.17,4.26,0.77,14.20,83,2,1,NULL),(68,'2025-06-19 05:00:00',15.25,1.64,0.30,17.19,33,5,1,NULL),(69,'2025-06-19 05:00:00',0.00,5.42,0.98,6.40,63,5,1,NULL),(70,'2025-06-19 05:00:00',0.00,16.48,2.97,19.45,77,3,1,1),(71,'2025-06-20 05:00:00',4.56,7.22,1.30,13.08,123,4,1,1),(72,'2025-06-20 05:00:00',0.00,10.99,1.98,12.97,80,5,1,NULL),(73,'2025-06-20 05:00:00',13.07,0.00,0.00,13.07,142,3,1,NULL),(74,'2025-06-20 05:00:00',6.66,0.00,0.00,6.66,46,5,1,NULL),(75,'2025-06-20 05:00:00',11.40,0.00,0.00,11.40,53,3,1,NULL),(76,'2025-06-20 05:00:00',0.00,24.67,4.44,29.11,90,1,1,NULL),(77,'2025-06-21 05:00:00',23.36,35.50,6.39,65.25,68,1,1,1),(78,'2025-06-21 05:00:00',5.45,31.15,5.61,42.21,48,3,2,NULL),(79,'2025-06-21 05:00:00',45.12,6.14,1.11,52.37,7,5,1,NULL),(80,'2025-06-21 05:00:00',27.06,36.98,6.66,70.70,11,2,1,NULL),(81,'2025-06-21 05:00:00',0.00,36.82,6.63,43.45,108,2,1,NULL),(82,'2025-06-21 05:00:00',4.36,17.96,3.23,25.55,73,2,1,NULL),(83,'2025-06-21 05:00:00',22.68,4.92,0.89,28.49,39,1,1,1),(84,'2025-06-22 05:00:00',23.34,4.51,0.81,28.66,170,5,1,NULL),(85,'2025-06-22 05:00:00',4.93,8.12,1.46,14.51,118,3,1,NULL),(86,'2025-06-22 05:00:00',23.88,6.56,1.18,31.62,26,2,2,1),(87,'2025-06-22 05:00:00',10.67,0.00,0.00,10.67,73,3,1,NULL),(88,'2025-06-22 05:00:00',13.08,13.28,2.39,28.75,174,3,2,1),(89,'2025-06-22 05:00:00',11.46,7.30,1.31,20.07,135,4,1,NULL),(90,'2025-06-22 05:00:00',8.30,11.81,2.13,22.24,109,5,1,1),(91,'2025-06-22 05:00:00',0.00,3.85,0.69,4.54,18,2,1,NULL),(92,'2025-06-22 05:00:00',7.90,2.87,0.52,11.29,100,5,1,1),(93,'2025-06-22 05:00:00',6.42,5.41,0.97,12.80,159,1,1,NULL),(94,'2025-06-22 05:00:00',11.40,11.15,2.01,24.56,113,5,1,1),(95,'2025-06-23 05:00:00',16.85,9.51,1.71,28.07,70,5,1,NULL),(96,'2025-06-23 05:00:00',3.48,5.24,0.94,9.66,89,1,1,NULL),(97,'2025-06-23 05:00:00',8.83,6.97,1.25,17.05,162,4,1,NULL),(98,'2025-06-23 05:00:00',4.04,3.20,0.58,7.82,42,1,1,NULL),(99,'2025-06-23 05:00:00',34.80,42.80,7.70,85.30,23,5,1,1),(100,'2025-06-23 05:00:00',24.38,5.90,1.06,31.34,79,1,1,1),(101,'2025-06-23 05:00:00',24.80,0.00,0.00,24.80,92,4,1,NULL),(102,'2025-06-24 05:00:00',0.00,9.59,1.73,11.32,8,5,1,NULL),(103,'2025-06-24 05:00:00',14.41,0.00,0.00,14.41,32,2,1,NULL),(104,'2025-06-24 05:00:00',34.00,14.59,2.63,51.22,66,2,1,NULL),(105,'2025-06-24 05:00:00',6.11,45.83,8.25,60.19,88,3,1,NULL),(106,'2025-06-24 05:00:00',25.22,7.46,1.34,34.02,27,5,1,1),(107,'2025-06-24 05:00:00',7.35,0.00,0.00,7.35,4,2,1,NULL),(108,'2025-06-24 05:00:00',5.89,54.29,9.77,69.95,82,4,1,1),(109,'2025-06-24 05:00:00',31.67,7.38,1.33,40.38,36,4,1,NULL),(110,'2025-06-25 05:00:00',15.34,24.35,4.38,44.07,63,3,1,NULL),(111,'2025-06-25 05:00:00',13.95,19.83,3.57,37.35,155,5,1,NULL),(112,'2025-06-25 05:00:00',33.95,23.21,4.18,61.34,169,2,2,NULL),(113,'2025-06-25 05:00:00',4.44,0.00,0.00,4.44,64,2,1,NULL),(114,'2025-06-26 05:00:00',2.33,8.94,1.61,12.88,51,1,1,NULL),(115,'2025-06-26 05:00:00',33.07,36.82,6.63,76.52,169,3,2,NULL),(116,'2025-06-26 05:00:00',5.59,6.40,1.15,13.14,5,1,1,1),(117,'2025-06-26 05:00:00',4.46,0.00,0.00,4.46,48,2,1,NULL),(118,'2025-06-26 05:00:00',0.00,7.38,1.33,8.71,141,5,1,NULL),(119,'2025-06-27 05:00:00',3.16,11.73,2.11,17.00,132,3,1,NULL),(120,'2025-06-27 05:00:00',9.34,5.08,0.91,15.33,52,1,1,NULL),(121,'2025-06-27 05:00:00',17.10,8.94,1.61,27.65,146,3,1,NULL),(122,'2025-06-27 05:00:00',3.88,5.24,0.94,10.06,85,2,1,1),(123,'2025-06-27 05:00:00',20.25,3.69,0.66,24.60,98,3,1,NULL),(124,'2025-06-27 05:00:00',24.48,20.58,3.70,48.76,27,4,1,1),(125,'2025-06-27 05:00:00',7.04,8.60,1.55,17.19,170,1,1,NULL),(126,'2025-06-27 05:00:00',3.98,5.16,0.93,10.07,166,4,1,1),(127,'2025-06-28 05:00:00',39.54,17.39,3.13,60.06,155,3,1,NULL),(128,'2025-06-28 05:00:00',0.00,2.87,0.52,3.39,102,1,1,NULL),(129,'2025-06-28 05:00:00',27.86,8.04,1.45,37.35,3,4,1,NULL),(130,'2025-06-28 05:00:00',28.68,10.99,1.98,41.65,99,4,1,NULL),(131,'2025-06-28 05:00:00',8.72,23.87,4.30,36.89,18,4,1,NULL),(132,'2025-06-28 05:00:00',47.35,12.22,2.20,61.77,15,2,1,1),(133,'2025-06-28 05:00:00',0.00,33.37,6.01,39.38,101,1,1,NULL),(134,'2025-06-28 05:00:00',27.55,2.95,0.53,31.03,111,1,1,NULL),(135,'2025-06-28 05:00:00',4.43,10.83,1.95,17.21,111,4,2,NULL),(136,'2025-06-29 05:00:00',15.79,10.66,1.92,28.37,167,5,1,NULL),(137,'2025-06-29 05:00:00',34.20,4.92,0.89,40.01,172,5,1,1),(138,'2025-06-29 05:00:00',5.97,25.59,4.61,36.17,23,4,1,1),(139,'2025-06-29 05:00:00',0.00,12.87,2.32,15.19,62,1,1,NULL),(140,'2025-06-29 05:00:00',28.18,17.30,3.11,48.59,161,5,1,NULL),(141,'2025-06-29 05:00:00',0.00,16.32,2.94,19.26,15,1,1,1),(142,'2025-06-29 05:00:00',16.00,5.42,0.98,22.40,80,4,1,NULL),(143,'2025-06-29 05:00:00',6.36,1.64,0.30,8.30,53,4,1,NULL),(144,'2025-06-30 05:00:00',0.00,18.86,3.39,22.25,19,1,1,NULL),(145,'2025-06-30 05:00:00',0.00,16.15,2.91,19.06,30,1,1,NULL),(146,'2025-06-30 05:00:00',16.49,21.24,3.82,41.55,164,1,1,NULL),(147,'2025-06-30 05:00:00',0.00,35.17,6.33,41.50,30,3,1,NULL),(148,'2025-06-30 05:00:00',28.87,17.05,3.07,48.99,141,2,1,NULL),(149,'2025-06-30 05:00:00',4.40,3.61,0.65,8.66,100,3,1,1),(150,'2025-06-30 05:00:00',0.00,11.81,2.13,13.94,33,1,1,NULL);
/*!40000 ALTER TABLE `boletacabecera` ENABLE KEYS */;
UNLOCK TABLES;
/*!50003 SET @saved_cs_client      = @@character_set_client */ ;
/*!50003 SET @saved_cs_results     = @@character_set_results */ ;
/*!50003 SET @saved_col_connection = @@collation_connection */ ;
/*!50003 SET character_set_client  = utf8mb4 */ ;
/*!50003 SET character_set_results = utf8mb4 */ ;
/*!50003 SET collation_connection  = utf8mb4_0900_ai_ci */ ;
/*!50003 SET @saved_sql_mode       = @@sql_mode */ ;
/*!50003 SET sql_mode              = 'ONLY_FULL_GROUP_BY,STRICT_TRANS_TABLES,NO_ZERO_IN_DATE,NO_ZERO_DATE,ERROR_FOR_DIVISION_BY_ZERO,NO_ENGINE_SUBSTITUTION' */ ;
DELIMITER ;;
/*!50003 CREATE*/ /*!50003 TRIGGER `deleteAllDetalleBoleta` AFTER DELETE ON `boletacabecera` FOR EACH ROW BEGIN           
		SET FOREIGN_KEY_CHECKS = 0; 

		DELETE FROM DetalleBoleta
        WHERE ID_BoletaCabecera = old.ID_BoletaCabecera;
		
        SET FOREIGN_KEY_CHECKS = 1; 

	END */;;
DELIMITER ;
/*!50003 SET sql_mode              = @saved_sql_mode */ ;
/*!50003 SET character_set_client  = @saved_cs_client */ ;
/*!50003 SET character_set_results = @saved_cs_results */ ;
/*!50003 SET collation_connection  = @saved_col_connection */ ;

--
-- Table structure for table `cajero`
--

DROP TABLE IF EXISTS `cajero`;
/*!40101 SET @saved_cs_client     = @@character_set_client */;
/*!50503 SET character_set_client = utf8mb4 */;
CREATE TABLE `cajero` (
  `ID_Cajero` int NOT NULL AUTO_INCREMENT,
  `Nombre` varchar(20) NOT NULL,
  `Apellido` varchar(30) DEFAULT NULL,
  `DNI` varchar(8) NOT NULL,
  `Usuario` varchar(50) NOT NULL,
  `Contrasena` varchar(50) NOT NULL,
  PRIMARY KEY (`ID_Cajero`)
) ENGINE=InnoDB AUTO_INCREMENT=6 DEFAULT CHARSET=utf8mb4 COLLATE=utf8mb4_0900_ai_ci;
/*!40101 SET character_set_client = @saved_cs_client */;

--
-- Dumping data for table `cajero`
--

LOCK TABLES `cajero` WRITE;
/*!40000 ALTER TABLE `cajero` DISABLE KEYS */;
INSERT INTO `cajero` VALUES (1,'Gudelia','Salazar','07523941','GS0741','Alpha'),(2,'Luis','Terrones','07843261','LT0761','Beta'),(3,'Laura','Rodriguez','70254634','LR7034','Gamma'),(4,'Marco','Vargas','25684938','MV2538','Delta'),(5,'Miguel','Martinez','25489913','MM2513','Epsilon');
/*!40000 ALTER TABLE `cajero` ENABLE KEYS */;
UNLOCK TABLES;

--
-- Table structure for table `cancelo`
--

DROP TABLE IF EXISTS `cancelo`;
/*!40101 SET @saved_cs_client     = @@character_set_client */;
/*!50503 SET character_set_client = utf8mb4 */;
CREATE TABLE `cancelo` (
  `ID_Cancelo` int NOT NULL AUTO_INCREMENT,
  `DescCancelo` varchar(2) DEFAULT NULL,
  PRIMARY KEY (`ID_Cancelo`)
) ENGINE=InnoDB AUTO_INCREMENT=3 DEFAULT CHARSET=utf8mb4 COLLATE=utf8mb4_0900_ai_ci;
/*!40101 SET character_set_client = @saved_cs_client */;

--
-- Dumping data for table `cancelo`
--

LOCK TABLES `cancelo` WRITE;
/*!40000 ALTER TABLE `cancelo` DISABLE KEYS */;
INSERT INTO `cancelo` VALUES (1,'NO');
/*!40000 ALTER TABLE `cancelo` ENABLE KEYS */;
UNLOCK TABLES;

--
-- Table structure for table `cliente`
--

DROP TABLE IF EXISTS `cliente`;
/*!40101 SET @saved_cs_client     = @@character_set_client */;
/*!50503 SET character_set_client = utf8mb4 */;
CREATE TABLE `cliente` (
  `ID_Cliente` int NOT NULL AUTO_INCREMENT,
  `DNI` varchar(8) NOT NULL,
  `Nombre` varchar(15) NOT NULL,
  `PrimerApellido` varchar(20) NOT NULL,
  `SegundoApellido` varchar(30) DEFAULT NULL,
  `Telefono` int NOT NULL,
  `Direccion` varchar(150) NOT NULL,
  `ID_FP` int NOT NULL,
  PRIMARY KEY (`ID_Cliente`),
  KEY `fk_FP` (`ID_FP`),
  CONSTRAINT `fk_FP` FOREIGN KEY (`ID_FP`) REFERENCES `frecuenciapago` (`ID_FP`)
) ENGINE=InnoDB AUTO_INCREMENT=175 DEFAULT CHARSET=utf8mb4 COLLATE=utf8mb4_0900_ai_ci;
/*!40101 SET character_set_client = @saved_cs_client */;

--
-- Dumping data for table `cliente`
--

LOCK TABLES `cliente` WRITE;
/*!40000 ALTER TABLE `cliente` DISABLE KEYS */;
INSERT INTO `cliente` VALUES (1,'43715103','Ysolina','Amaya','Soriano',969719045,'Calle Paz 73 N° 295',3),(2,'24587710','Jacqueline','Rodriguez','Ayasta',942788181,'Calle Sol 27 N° 942',2),(3,'47160325','Maria','Sandoval','Lezama',980160714,'Calle Oro 80 N° 704',1),(4,'03131163','Audelia','Araujo','Romero',920161463,'Calle 4 715',1),(5,'07536415','Felisbinda','Nuñez','Santisteban',985694361,'Pasaje Luna 81 N° 386',2),(6,'49238548','Josefa','Torres','Silva',995719329,'Av. Luna 30 N° 641',1),(7,'70705716','Victor','Monja','Muñoz',996635511,'Jr. Luna 84 N° 119',1),(8,'70770447','Marcos','Navarro','Tena Vda. De Marchan',975596418,'Av. Oro 84 N° 277',1),(9,'06692977','Baltazar','Ramon','Chusden',982358211,'Jr. Estrella 80 N° 534',3),(10,'71126818','Cristabel','Siapo','Llanos',970329320,'Calle Oro 51 N° 431',1),(11,'47714227','Rosita','German','Ramirez',918161934,'Jirón Ares 497',1),(12,'79823831','Sobeyda','German','Alarcon',967290040,'Calle Villa Campodónico 885',1),(13,'09122298','Segundo','Espinoza','Riofrio',928280203,'Calle 4 798',1),(14,'08502889','Nemecio','Gil','Sandoval',935620869,'Jirón Ares 771',1),(15,'08495421','Chrisi','Sotero','Davila',994683314,'Calle Las Gaviotas 672',3),(16,'08299857','Lidia','De La Cruz','Abad',927614600,'Jr. Oro 78 N° 101',1),(17,'73335507','Jose','Quesquen','Alejo',922487964,'Av. Estrella 39 N° 766',1),(18,'41931824','Rosa','Moreno','Sifuentes',916473854,'Calle Poseidón 190',1),(19,'24858633','Dominga','Rodriguez','Rodriguez',956410849,'Calle Luna 57 N° 945',1),(20,'75327789','Gregorio','Guevara','Riojas',945572701,'Calle 4 101',3),(21,'74794017','Angie','Flores','Chusden',978285390,'Calle Las Gaviotas 886',1),(22,'00801151','Aurora','Ecos','Barrientos',947216117,'Av. Luna 61 N° 825',3),(23,'00951515','Maria','Llimpe','Chiroque',978450041,'Pasaje Sol 9 N° 289',3),(24,'00613694','Joel','Macalupu','Portal',973726731,'Calle Estrella 5 N° 440',2),(25,'46418234','Angelica','Deura','Suclupe Vda. De Purisaca',982634155,'Calle Las Gaviotas 872',1),(26,'73889110','Marcos','Carreon','Paucar',933404441,'Calle 4 481',3),(27,'06173891','Rosa','Martinez','Farfan',994928737,'Jr. Oro 14 N° 204',2),(28,'49043919','Johana','Ecos','Poma',953630270,'Calle Paz 70 N° 611',1),(29,'71502308','Amado','Morales','Poma',955084508,'Pasaje Luna 91 N° 728',1),(30,'21295349','Pedro','Marin','Coronado',986811501,'Jr. Oro 29 N° 727',1),(31,'28298326','Manuela','Villegas','Morales De Mechato',971358064,'Calle Oro 7 N° 280',1),(32,'21406607','Pascual','Villegas','Soriano',993597333,'Calle Oro 15 N° 654',1),(33,'02003797','Santos','Cueva','Acosta',932103153,'Jirón San Miguel 244',1),(34,'05150590','Ingri','Bonilla','Ramos',969899218,'Calle Oro 61 N° 522',1),(35,'04239139','Jaime','Ramos','Rodriguez',961409917,'Jirón Ares 661',2),(36,'71493386','Rosa','Morales','Morales De Mechato',993856676,'Jr. Paz 47 N° 131',1),(37,'73924128','Jorge','Ramos','Cotrina',992254878,'Jirón San Miguel 525',1),(38,'27009965','Maria','Baldera','Ochoa',981989188,'Av. Estrella 75 N° 921',1),(39,'46127849','Jesus','Chaname','Llanos',963668498,'Av. Paz 68 N° 493',2),(40,'06041420','Fiorela','Pompa','Gavidia',956052034,'Calle Las Gaviotas 169',1),(41,'28211163','Jose','Noriega','Baldeon',933454929,'Jirón Ares 185',1),(42,'06858905','Andrea','Molero','Castro',980973310,'Jirón San Miguel 966',1),(43,'09148032','Raul','Guerra','Joyo',936613386,'Pasaje Paz 45 N° 688',1),(44,'42100162','Digno','Alfaro','Chinchay',974082419,'Calle 4 260',1),(45,'42411953','Jhon','Simon','Cruz',937893981,'Calle Paz 44 N° 329',1),(46,'22581443','Dionisia','Delgado','Echeverria',949874409,'Pasaje Oro 73 N° 839',1),(47,'43993971','Rony','Cubas','Nunez',968433526,'Av. Luna 84 N° 656',2),(48,'02524059','Maria','Hinostroza','Chavez',952990057,'Av. Oro 29 N° 608',1),(49,'02092463','Jesus','Cordova','Gaspar',942715286,'Calle Las Gaviotas 455',1),(50,'01006472','Ana','Ramos','Albines',910867878,'Av. Oro 25 N° 280',1),(51,'74411218','Maria','Huiman','Sanchez',963864716,'Calle Estrella 57 N° 197',1),(52,'07800937','Rosario','Robles','Celis',919030556,'Jirón San Miguel 186',1),(53,'44530979','Carmela','Segura','Haro',911714151,'Jirón Ares 368',1),(54,'21122984','Jorge','Echevarria','Llanos',911747388,'Calle Poseidón 623',1),(55,'74015168','Clotilde','Davila','Agip',971205313,'Jr. Sol 92 N° 113',1),(56,'09291105','Juana','Ramos','Heredia',945779423,'Calle Paz 45 N° 778',3),(57,'01820785','Edmundo','Castaneda','Sullon',984457850,'Pasaje Estrella 72 N° 405',2),(58,'01338830','Aurelio','Perez','Villanueva',941358719,'Jr. Paz 7 N° 764',1),(59,'08988555','Artemio','Quevedo','Mogollon',924311672,'Calle Paz 82 N° 186',2),(60,'26172059','Maria','Morales','Rodriguez',997807702,'Calle 4 748',1),(61,'42430836','Marianela','Medina','Calderon',964533165,'Calle Paz 59 N° 962',1),(62,'28128489','Julia','Colchado','Pardo',933413807,'Calle Sol 8 N° 444',1),(63,'06445095','Nestor','Chiroque','Lopez',994154076,'Jr. Oro 10 N° 289',1),(64,'45424471','Noheli','Ecos','Gutierrez',967454660,'Calle Paz 85 N° 959',1),(65,'72550849','Juana','Juarez','Pacheco',967246565,'Calle Oro 92 N° 526',1),(66,'44997004','Ana','Vera','Lucano',931572657,'Jr. Luna 20 N° 246',1),(67,'79459855','Marco','Yovera','Covena',936098751,'Av. Sol 74 N° 729',1),(68,'72847356','Roxana','Romero','Chafloque',951004603,'Pasaje Estrella 12 N° 174',4),(69,'41627107','Jhon','Castillo','Baldeon',973296133,'Calle Las Gaviotas 677',1),(70,'47709780','Jorge','Pacheco','Mena',957066447,'Calle Estrella 39 N° 665',1),(71,'02630646','Roxana','Serna','Alva',946499380,'Jr. Paz 30 N° 923',2),(72,'07315476','Maria','Heredia','Benites',994822871,'Av. Sol 27 N° 198',1),(73,'02620454','Kelly','De La Cruz','Cornejo',980822799,'Av. Estrella 82 N° 600',1),(74,'21807575','Jose','Lezama','Ramos',972343183,'Calle Villa Campodónico 990',1),(75,'02037796','Amalia','Teodoro','Gomez',924013141,'Calle Sol 96 N° 596',1),(76,'77155942','Romula','Alor','',928996249,'Jr. Paz 48 N° 535',1),(77,'43016055','Jose','Olano','Mora',999418543,'Pasaje Sol 43 N° 526',2),(78,'44873740','Cornelio','Calderon','Sandoval',921665819,'Calle Las Gaviotas 283',1),(79,'27354341','Luz','Reyes','Flores',978543580,'Jirón San Miguel 442',2),(80,'06573717','Lucila','Laureano','Avalos',924032063,'Calle Estrella 36 N° 666',1),(81,'09698634','Hilda','Sanchez','Flores',954717642,'Calle Estrella 87 N° 701',3),(82,'79371882','Suzan','Fuentes','Baldeon',943129107,'Jirón Ares 796',2),(83,'49422329','Andres','Rodriguez','Pinto',959393040,'Jirón San Miguel 675',1),(84,'46251481','Epifania','Nima','Dominguez',976462698,'Calle Estrella 15 N° 359',1),(85,'29943588','Domingo','Mendoza','Alvarez',914825824,'Calle Las Gaviotas 161',2),(86,'06232493','Leslie','Henrique','Saavedra',991786853,'Pasaje Luna 54 N° 558',1),(87,'75004385','Benito','Zavaleta','Camacho',960266003,'Pasaje Oro 85 N° 394',2),(88,'72849181','Santos','Rojas','Torres',910171232,'Calle Oro 43 N° 604',1),(89,'28616869','Talia','De La Cruz','Bayona',937764593,'Pasaje Oro 67 N° 339',1),(90,'73510141','Fremiot','Satornicio','Olivera',989336216,'Calle Paz 12 N° 281',1),(91,'42920848','Segundo','Inonan','Rojas',981767289,'Calle Poseidón 595',1),(92,'78941705','Segundo','Moreno','Vera',919968213,'Calle Poseidón 661',1),(93,'05429517','Erika','Rueda','Coronado',946739329,'Calle 4 551',1),(94,'45100373','Wilfredo','Rios','Vasquez',984805566,'Jirón Ares 421',1),(95,'48818918','Hilmer','Garcia','Ramirez',967172257,'Calle Estrella 43 N° 465',1),(96,'04302369','Maria','Capsita','Encarnacion',957138310,'Jr. Estrella 74 N° 666',1),(97,'09617583','Teresa','Alvinco','Barja',986239292,'Jirón San Miguel 755',1),(98,'06721633','Doraliza','Huaman','De Lara',923932922,'Calle Oro 74 N° 307',1),(99,'08300885','Marter','Olano','Farfan',956355587,'Av. Luna 15 N° 308',1),(100,'01361296','Olga','Castillo','Gonzales',973012779,'Calle Paz 21 N° 578',2),(101,'41933974','Digna','Vasquez','Carrasco',918685138,'Jirón San Miguel 756',1),(102,'27763767','Marcos','Seclen','Minano',978541826,'Pasaje Oro 84 N° 630',1),(103,'04088979','Ayme','Bruno','Llontop',933863724,'Pasaje Sol 54 N° 680',1),(104,'01238476','Amabilia','Anton','Carranza',960412268,'Calle 4 799',2),(105,'26329767','Maria','Garcia','Delgado',920638163,'Jr. Paz 75 N° 600',1),(106,'07699584','Esthefany','Micha','Villegas',932825528,'Jirón Ares 215',1),(107,'43897581','Claudio','Villacorta','Bonilla',941457627,'Calle Villa Campodónico 286',1),(108,'27811175','Cecilia','Tello','Sandoval',961017865,'Calle Poseidón 619',1),(109,'06414000','Jorge','Piscoya','Calderon',988925906,'Jirón Ares 890',3),(110,'25773136','Maribel','Cabrera','Ruiz',992777906,'Jirón San Miguel 320',1),(111,'04691118','Yury','Rojas','Salas',929769415,'Pasaje Luna 16 N° 861',1),(112,'03873964','Eleodoro','Moreno','Rodriguez',956417432,'Calle Poseidón 632',2),(113,'28274703','Delfo','Sandoval','Yauri',913357799,'Pasaje Sol 16 N° 421',3),(114,'44461251','Rebeca','Farro','Alarcon',991700668,'Calle Luna 35 N° 486',1),(115,'72838495','Luis','Arismendiz','Adanaque',914281225,'Calle Oro 72 N° 141',1),(116,'02202902','Victoria','Lucero','Herrera',991855030,'Calle Sol 92 N° 191',2),(117,'71833567','Maria','Castillo','Rodriguez',985792211,'Pasaje Sol 87 N° 311',3),(118,'06267731','Carmen','Ruiz','Chaponan',954205141,'Calle Las Gaviotas 156',1),(119,'09040045','Maria','Nunez','Flores',988916154,'Calle Villa Campodónico 362',2),(120,'00730529','Marly','Urbina','Nunez',963870238,'Jirón San Miguel 410',1),(121,'47347224','Manuel','Romero','Huerta',953759810,'Av. Estrella 84 N° 155',3),(122,'07413320','Gisela','Castillo','Sullon',931242487,'Jirón Ares 368',1),(123,'08173509','Julio','Purihuaman','Barrios',929546219,'Jr. Oro 84 N° 614',2),(124,'03258528','Joisy','Neciosup','De Inga',996091120,'Jr. Sol 12 N° 692',3),(125,'03946685','Jazmin','Vigil','Castillo',986687841,'Calle Oro 9 N° 712',3),(126,'71384535','Flor','Carranza','Trujillo',974859425,'Jirón San Miguel 702',3),(127,'46094320','Celia','Sifuentes','Panta',977593517,'Jr. Luna 24 N° 386',3),(128,'79288306','Casiano','Alfaro','Cisneros',980477831,'Calle Villa Campodónico 152',1),(129,'06772548','Justino','Bances','Chavez',934024231,'Jr. Oro 25 N° 800',1),(130,'49788177','Juan','Chavez','Caceda',943477136,'Av. Luna 12 N° 283',1),(131,'22420896','Margarita','Salinas','Huaman',993263755,'Calle Las Gaviotas 999',1),(132,'72436847','Armando','Arcela','Baldera',927396882,'Av. Luna 93 N° 299',1),(133,'04578464','Julio','Rojas','Salazar',966993235,'Pasaje Oro 31 N° 801',1),(134,'03201861','Gisela','Delgado','Diaz',941722598,'Calle Villa Campodónico 331',1),(135,'06591873','Marcelina','Panta','Bautista',986576133,'Calle 4 585',1),(136,'02613768','Alejandro','Pulache','Chavez',999504633,'Calle 4 495',1),(137,'49569254','Dilmer','Nunez','Castaneda',918609183,'Calle Villa Campodónico 828',1),(138,'27945378','Araceli','Vergara','Sologorre',967067376,'Pasaje Oro 39 N° 307',1),(139,'79700125','Maria','Manayay','Changa De Pchilingue',975255383,'Jr. Sol 62 N° 235',2),(140,'05974419','Adela','Solano','Baldeon',934090560,'Calle 4 939',3),(141,'41708567','Oscar','Lopez','Gutierrez',923090838,'Jirón San Miguel 952',1),(142,'79275505','Soraida','Zapata','Vasquez',926207935,'Calle Oro 26 N° 433',1),(143,'28806954','Maria','Nunez','Pereyra',974154378,'Calle Poseidón 635',1),(144,'20478350','Joselito','Medina','Medina',976972937,'Pasaje Sol 59 N° 762',2),(145,'02671062','Maria','Fernandez','Yovera',983185290,'Jr. Estrella 11 N° 933',1),(146,'41733032','Urbano','Silupu','Huaman',911566184,'Pasaje Sol 18 N° 981',1),(147,'77163413','Rosa','Alvarado','Solorzano',950098428,'Calle Villa Campodónico 514',2),(148,'06373930','Elsa','Brenis','Carrasco',961629738,'Calle Paz 41 N° 515',2),(149,'03243016','Zoila','Zevallos','Romero',988979180,'Jirón Ares 219',1),(150,'44612820','Maria','Rengifo','Nunez',967045359,'Calle 4 785',2),(151,'27946179','Maria','Milla','Romero',966527191,'Av. Estrella 87 N° 396',1),(152,'22975606','Nery','Alor','Tizon',951328109,'Pasaje Luna 18 N° 593',2),(153,'00112096','Rosa','Ecos','Espinoza',931212316,'Calle 4 380',1),(154,'78035780','Carmen','Morales','Reyes',922784813,'Calle 4 962',1),(155,'47336437','Smit','Enco','Mondragon',964047637,'Av. Paz 36 N° 159',1),(156,'72651137','Ruth','Bonilla','Davila',926787233,'Jr. Estrella 86 N° 970',1),(157,'01272349','Emma','Haro','Salazar',928809451,'Calle Sol 14 N° 446',1),(158,'49142960','Maria','Santos','Navarro',913658411,'Calle Estrella 83 N° 138',2),(159,'08553618','Mariela','Ramos','Flores',916205397,'Av. Sol 42 N° 881',1),(160,'70690018','Flor','Vilalnueva','Silupu',956346979,'Av. Sol 66 N° 666',2),(161,'44193241','Julio','Ramirez','Melgarejo',928650421,'Calle Poseidón 138',1),(162,'05683780','Oscar','Rodriguez','Colqui',977435139,'Av. Paz 50 N° 544',1),(163,'02446702','Janet','Ecos','Alor',916722441,'Jr. Paz 99 N° 274',3),(164,'43701095','Misler','Castillo','De Borja',925766646,'Calle Paz 3 N° 344',1),(165,'27167356','Atilano','Vidaurre','Vidaurre De Santisteban',960855207,'Calle Las Gaviotas 953',3),(166,'40659874','Maria','Chiroque','Iman',995443022,'Calle Luna 34 N° 442',2),(167,'01420506','Mario','Coveñas','Torres',952931991,'Calle Villa Campodónico 201',1),(168,'05771007','Maria','Turkoswky','Delgado',987061401,'Calle Las Gaviotas 777',1),(169,'27264182','Ever','Vilchez','Villegas',976037989,'Pasaje Oro 83 N° 554',1),(170,'26670162','Aner','Contreras','Sullon',977231277,'Calle Las Gaviotas 796',1),(171,'01292544','Liz','Zumaran','Vera',982152649,'Calle Villa Campodónico 952',1),(172,'70199009','Maria','Yman','Fernandez',972160659,'Jirón Ares 833',3),(173,'46497082','Manuel','Silva','Jimez',915134857,'Calle Poseidón 658',1),(174,'25074929','Gerardo','Martinez','Paredes',957746889,'Jirón Ares 865',2);
/*!40000 ALTER TABLE `cliente` ENABLE KEYS */;
UNLOCK TABLES;

--
-- Table structure for table `detalleboleta`
--

DROP TABLE IF EXISTS `detalleboleta`;
/*!40101 SET @saved_cs_client     = @@character_set_client */;
/*!50503 SET character_set_client = utf8mb4 */;
CREATE TABLE `detalleboleta` (
  `ID_DetalleBoleta` int NOT NULL AUTO_INCREMENT,
  `Cantidad` int NOT NULL,
  `PrecioTotalXProducto` decimal(5,2) NOT NULL,
  `ID_BoletaCabecera` int NOT NULL,
  `ID_Producto` int NOT NULL,
  `ID_Kardex` int NOT NULL,
  PRIMARY KEY (`ID_DetalleBoleta`),
  KEY `fk_BC` (`ID_BoletaCabecera`),
  KEY `fk_Producto` (`ID_Producto`),
  KEY `fk_Kardex` (`ID_Kardex`),
  CONSTRAINT `fk_BC` FOREIGN KEY (`ID_BoletaCabecera`) REFERENCES `boletacabecera` (`ID_BoletaCabecera`),
  CONSTRAINT `fk_Kardex` FOREIGN KEY (`ID_Kardex`) REFERENCES `kardex` (`ID_Kardex`),
  CONSTRAINT `fk_Producto` FOREIGN KEY (`ID_Producto`) REFERENCES `producto` (`ID_Producto`)
) ENGINE=InnoDB AUTO_INCREMENT=502 DEFAULT CHARSET=utf8mb4 COLLATE=utf8mb4_0900_ai_ci;
/*!40101 SET character_set_client = @saved_cs_client */;

--
-- Dumping data for table `detalleboleta`
--

LOCK TABLES `detalleboleta` WRITE;
/*!40000 ALTER TABLE `detalleboleta` DISABLE KEYS */;
INSERT INTO `detalleboleta` VALUES (1,2,5.08,1,49,1),(2,3,14.70,1,5,2),(3,2,11.40,1,61,3),(4,2,6.66,2,14,4),(5,1,3.85,2,42,5),(6,2,4.92,3,47,6),(7,1,8.12,3,75,7),(8,2,13.94,4,1,8),(9,4,11.80,4,41,9),(10,1,10.53,4,79,10),(11,2,5.42,4,74,11),(12,1,25.90,4,4,12),(13,1,10.58,5,67,13),(14,1,5.35,5,108,14),(15,1,7.85,5,6,15),(16,1,6.07,5,44,16),(17,2,21.16,5,8,17),(18,2,5.42,6,74,18),(19,1,1.64,6,25,19),(20,2,5.86,7,13,20),(21,3,14.01,7,7,21),(22,2,5.24,7,104,22),(23,1,3.12,7,57,23),(24,1,2.79,8,21,24),(25,1,1.48,9,22,25),(26,2,7.22,9,97,26),(27,1,4.02,10,70,27),(28,3,2.46,10,38,28),(29,1,9.43,10,11,29),(30,2,7.00,10,10,30),(31,2,14.05,10,81,31),(32,1,2.87,10,16,32),(33,2,4.92,10,47,33),(34,2,7.57,10,13,34),(35,2,24.50,11,109,35),(36,1,8.12,11,90,36),(37,2,5.42,11,74,37),(38,4,7.96,12,24,38),(39,1,6.29,12,78,39),(40,1,4.84,13,23,40),(41,2,3.78,14,95,41),(42,3,9.84,14,34,42),(43,1,0.90,15,31,43),(44,3,14.70,15,5,44),(45,2,19.52,15,36,45),(46,2,5.13,15,15,46),(47,3,7.86,16,104,47),(48,3,5.97,17,24,48),(49,1,1.56,17,73,49),(50,6,1.20,17,80,50),(51,2,6.11,18,14,51),(52,6,15.72,18,91,52),(53,3,15.00,19,29,53),(54,1,7.20,19,37,54),(55,2,4.33,19,82,55),(56,1,8.34,19,79,56),(57,2,7.38,20,50,57),(58,1,4.60,20,68,58),(59,4,11.80,20,40,59),(60,2,10.96,20,85,60),(61,1,21.24,21,20,61),(62,1,4.19,21,98,62),(63,1,4.37,21,77,63),(64,4,3.28,21,38,64),(65,1,4.31,22,65,65),(66,2,4.92,22,27,66),(67,1,4.90,23,62,67),(68,1,3.12,23,57,68),(69,1,19.90,23,9,69),(70,2,7.57,23,13,70),(71,2,3.78,23,95,71),(72,1,4.26,23,84,72),(73,1,5.43,24,108,73),(74,2,27.80,24,46,74),(75,1,9.43,25,88,75),(76,0,1.79,25,63,76),(77,1,24.52,25,19,77),(78,1,8.12,25,90,78),(79,1,6.07,25,44,79),(80,2,9.68,26,33,80),(81,2,4.92,27,48,81),(82,1,22.06,27,18,82),(83,1,19.90,27,9,83),(84,1,3.20,27,86,84),(85,1,7.30,27,100,85),(86,2,1.64,28,38,86),(87,3,3.57,28,92,87),(88,1,17.96,29,89,157),(89,1,2.87,29,17,158),(90,2,9.88,29,107,159),(91,1,2.79,29,21,160),(92,1,3.44,29,35,161),(93,1,8.12,29,90,162),(94,3,14.01,30,7,163),(95,1,2.46,30,27,164),(96,1,2.87,30,16,165),(97,2,2.62,30,53,166),(98,1,3.77,30,15,167),(99,1,28.62,30,93,168),(100,1,7.20,31,37,169),(101,1,4.20,31,68,170),(102,1,10.58,31,67,171),(103,1,0.90,31,31,172),(104,2,3.12,31,54,173),(105,1,2.05,31,94,174),(106,0,3.82,32,6,175),(107,1,6.08,32,78,176),(108,1,9.43,33,88,177),(109,1,6.47,33,65,178),(110,2,9.68,33,33,179),(111,1,3.20,33,86,180),(112,1,7.30,33,69,181),(113,1,7.20,34,37,182),(114,1,8.12,34,90,183),(115,1,8.94,35,28,184),(116,3,6.67,35,12,185),(117,3,15.00,35,29,186),(118,1,8.94,36,28,187),(119,1,4.51,36,55,188),(120,1,5.90,36,106,189),(121,1,3.85,36,42,190),(122,2,5.24,36,104,191),(123,1,24.52,36,19,192),(124,3,14.93,36,85,193),(125,2,5.08,37,49,194),(126,3,7.72,37,12,195),(127,1,5.54,38,65,196),(128,1,21.24,38,20,197),(129,3,8.85,38,41,198),(130,5,1.00,38,80,199),(131,1,8.12,39,90,200),(132,1,2.79,39,21,201),(133,2,9.80,39,5,202),(134,2,5.58,39,3,203),(135,1,3.44,39,35,204),(136,2,7.22,40,97,205),(137,1,7.30,41,69,206),(138,2,13.94,41,1,207),(139,4,4.36,41,43,208),(140,2,7.76,42,13,209),(141,8,1.60,42,80,210),(142,2,4.92,43,27,211),(143,1,2.95,43,41,212),(144,1,6.43,44,78,213),(145,1,3.83,44,101,214),(146,1,2.95,44,40,215),(147,2,7.22,44,96,216),(148,1,9.15,44,79,217),(149,1,2.46,44,47,218),(150,2,5.24,44,103,219),(151,2,9.80,45,5,220),(152,2,7.76,45,13,221),(153,2,3.78,45,95,222),(154,2,7.63,45,107,223),(155,1,2.95,46,41,224),(156,1,17.96,46,89,225),(157,2,7.22,46,97,226),(158,1,19.90,47,9,227),(159,1,2.87,48,17,228),(160,1,7.20,48,37,229),(161,1,7.30,48,100,230),(162,2,14.95,48,64,231),(163,1,4.54,48,87,232),(164,2,8.80,48,59,233),(165,0,2.36,49,101,234),(166,1,8.12,49,56,235),(167,3,20.34,49,81,236),(168,2,8.80,50,60,237),(169,2,5.86,50,87,238),(170,1,6.97,50,76,239),(171,1,2.49,51,63,240),(172,2,4.92,52,27,241),(173,3,14.53,52,85,242),(174,1,5.90,52,105,243),(175,2,5.08,53,49,244),(176,1,3.53,53,101,245),(177,1,9.43,53,11,246),(178,1,1.64,54,25,247),(179,1,11.99,54,79,248),(180,2,9.80,54,62,249),(181,1,16.15,54,26,250),(182,2,17.53,54,64,251),(183,1,4.67,54,63,252),(184,1,8.12,55,90,253),(185,1,7.30,55,6,254),(186,2,10.00,55,29,255),(187,2,5.58,55,3,256),(188,6,6.54,56,43,257),(189,3,14.70,56,5,258),(190,1,24.52,56,19,259),(191,1,2.95,57,40,260),(192,2,14.06,57,64,261),(193,1,1.48,57,22,262),(194,2,8.80,57,59,263),(195,2,6.56,57,34,264),(196,2,11.32,58,83,265),(197,2,4.92,58,48,266),(198,1,5.27,58,108,267),(199,1,3.95,58,58,268),(200,1,3.28,58,34,269),(201,2,5.38,58,12,270),(202,1,9.76,58,36,271),(203,1,12.87,58,51,272),(204,2,6.66,59,108,273),(205,2,4.92,59,27,274),(206,2,6.62,59,14,275),(207,1,2.54,59,49,276),(208,1,4.51,59,55,277),(209,2,14.40,59,37,278),(210,1,1.89,59,95,279),(211,4,0.80,60,80,280),(212,1,8.12,60,71,281),(213,1,1.56,60,73,282),(214,1,21.24,61,20,283),(215,1,3.85,61,42,284),(216,3,9.84,62,34,285),(217,1,5.90,62,106,286),(218,2,4.27,63,82,287),(219,1,10.58,64,67,288),(220,1,8.12,64,90,289),(221,1,4.26,64,84,290),(222,1,8.12,64,71,291),(223,1,7.20,65,37,292),(224,2,11.40,65,61,293),(225,1,4.43,65,52,294),(226,1,4.40,65,59,295),(227,3,4.45,66,82,296),(228,1,3.44,66,35,297),(229,2,16.15,66,81,298),(230,1,19.90,66,9,299),(231,2,2.38,66,92,300),(232,1,9.12,66,83,301),(233,2,9.17,67,85,302),(234,1,4.26,67,84,303),(235,1,1.64,68,25,304),(236,5,5.45,68,43,305),(237,2,9.80,68,5,306),(238,2,5.42,69,74,307),(239,1,10.58,70,67,308),(240,1,5.90,70,105,309),(241,2,7.22,71,96,310),(242,2,4.56,71,12,311),(243,1,6.07,72,44,312),(244,2,4.92,72,27,313),(245,1,6.66,74,66,314),(246,2,13.07,73,81,315),(247,2,11.40,75,61,316),(248,3,14.01,76,7,317),(249,2,5.42,76,74,318),(250,2,5.24,76,104,319),(251,1,5.90,77,106,320),(252,1,4.40,77,59,321),(253,2,5.08,77,49,322),(254,1,24.52,77,19,323),(255,2,15.66,77,64,324),(256,1,3.30,77,101,325),(257,1,3.85,78,42,326),(258,3,8.85,78,40,327),(259,1,9.02,78,39,328),(260,5,5.45,78,43,329),(261,1,9.43,78,11,330),(262,1,6.14,79,32,331),(263,2,11.74,79,81,332),(264,2,5.58,79,3,333),(265,2,27.80,79,46,334),(266,2,10.06,80,85,335),(267,1,8.94,80,28,336),(268,3,15.00,80,29,337),(269,1,7.20,80,37,338),(270,1,8.12,80,71,339),(271,2,4.92,80,48,340),(272,2,9.80,80,5,341),(273,1,36.82,81,102,342),(274,1,17.96,82,89,343),(275,4,4.36,82,43,344),(276,2,5.92,83,77,345),(277,1,4.36,83,98,346),(278,2,8.00,83,66,347),(279,1,4.40,83,59,348),(280,2,4.92,83,48,349),(281,1,5.37,84,58,350),(282,2,6.03,84,68,351),(283,1,9.56,84,79,352),(284,1,4.51,84,55,353),(285,2,2.38,84,92,354),(286,1,4.93,85,66,355),(287,1,8.12,85,90,356),(288,1,19.90,86,9,357),(289,2,6.56,86,34,358),(290,2,3.98,86,24,359),(291,5,1.00,87,80,360),(292,1,4.77,87,14,361),(293,2,4.90,87,77,362),(294,1,9.43,88,11,363),(295,1,3.85,88,42,364),(296,2,13.08,88,85,365),(297,2,11.46,89,81,366),(298,1,7.30,89,69,367),(299,1,8.12,90,71,368),(300,1,3.69,90,50,369),(301,1,5.03,90,68,370),(302,3,3.27,90,43,371),(303,1,3.85,91,42,372),(304,6,1.20,92,80,373),(305,1,2.87,92,16,374),(306,1,2.65,92,63,375),(307,1,4.05,92,65,376),(308,1,1.56,93,73,377),(309,2,6.42,93,13,378),(310,1,3.85,93,42,379),(311,2,5.08,94,49,380),(312,1,6.07,94,44,381),(313,2,11.40,94,61,382),(314,6,1.20,95,80,383),(315,1,4.43,95,52,384),(316,2,5.08,95,49,385),(317,3,15.65,95,85,386),(318,2,5.24,96,103,387),(319,1,3.48,96,101,388),(320,1,6.97,97,1,389),(321,1,8.83,97,79,390),(322,1,3.20,98,86,391),(323,1,4.04,98,77,392),(324,1,8.12,99,71,393),(325,2,6.56,99,34,394),(326,4,20.00,99,29,395),(327,2,6.22,99,14,396),(328,2,23.00,99,109,397),(329,1,8.12,99,56,398),(330,2,5.58,99,3,399),(331,1,4.79,100,108,400),(332,2,6.39,100,87,401),(333,2,5.90,100,41,402),(334,3,13.20,100,60,403),(335,1,5.42,101,101,404),(336,1,3.88,101,15,405),(337,1,5.70,101,61,406),(338,2,9.80,101,5,407),(339,1,3.69,102,50,408),(340,1,3.85,102,42,409),(341,1,2.05,102,94,410),(342,1,6.03,103,65,411),(343,2,8.38,103,107,412),(344,1,9.43,104,88,413),(345,1,5.16,104,45,414),(346,2,14.40,104,37,415),(347,4,19.60,104,5,416),(348,1,12.87,105,51,417),(349,2,21.16,105,8,418),(350,3,0.60,105,80,419),(351,1,5.51,105,108,420),(352,4,11.80,105,41,421),(353,1,1.56,106,73,422),(354,2,5.32,106,77,423),(355,1,19.90,106,9,424),(356,1,5.90,106,105,425),(357,1,2.99,107,77,426),(358,4,4.36,107,43,427),(359,1,3.61,108,97,428),(360,1,28.62,108,93,429),(361,1,22.06,108,18,430),(362,1,5.89,108,101,431),(363,3,17.10,109,61,432),(364,2,4.92,109,47,433),(365,1,2.46,109,2,434),(366,1,2.79,109,3,435),(367,2,11.78,109,101,436),(368,1,8.12,110,56,437),(369,1,5.51,110,14,438),(370,2,9.83,110,107,439),(371,1,8.12,110,90,440),(372,1,4.26,110,84,441),(373,1,3.85,110,42,442),(374,1,5.15,111,108,443),(375,1,2.87,111,17,444),(376,2,8.80,111,59,445),(377,1,2.95,111,41,446),(378,3,14.01,111,7,447),(379,2,7.22,112,97,448),(380,1,19.90,112,9,449),(381,2,14.05,112,81,450),(382,1,6.97,112,1,451),(383,1,9.02,112,39,452),(384,1,4.44,113,65,453),(385,1,8.94,114,28,454),(386,1,2.33,114,63,455),(387,1,6.71,115,66,456),(388,2,14.40,115,37,457),(389,1,6.85,115,78,458),(390,1,5.11,115,108,459),(391,1,36.82,115,102,460),(392,1,4.84,116,23,461),(393,2,5.59,116,77,462),(394,1,1.56,116,73,463),(395,1,4.46,117,98,464),(396,1,2.46,118,2,465),(397,2,4.92,118,48,466),(398,2,5.42,119,74,467),(399,1,2.46,119,27,468),(400,0,3.16,119,58,469),(401,1,3.85,119,42,470),(402,2,5.08,120,49,471),(403,2,9.34,120,66,472),(404,1,8.94,121,28,473),(405,3,17.10,121,61,474),(406,2,5.24,122,91,475),(407,2,3.88,122,82,476),(408,1,3.69,123,50,477),(409,1,5.72,123,65,478),(410,2,14.53,123,83,479),(411,1,10.58,124,67,480),(412,1,5.70,124,61,481),(413,2,10.00,124,29,482),(414,2,8.80,124,60,483),(415,2,5.62,124,14,484),(416,4,4.36,124,43,485),(417,1,2.79,125,3,486),(418,1,2.46,125,27,487),(419,1,6.14,125,32,488),(420,1,4.25,125,77,489),(421,2,3.98,126,24,490),(422,1,5.16,126,45,491),(423,1,3.69,127,50,492),(424,5,5.45,127,43,493),(425,1,10.58,127,67,494),(426,2,6.78,127,65,495),(427,1,7.41,127,78,496),(428,2,3.12,127,54,497),(429,1,19.90,127,9,498),(430,1,2.87,128,17,499),(431,2,8.04,129,70,500),(432,4,7.96,129,24,501),(433,1,19.90,129,9,502),(434,1,2.87,130,16,503),(435,1,7.63,130,6,504),(436,1,8.12,130,56,505),(437,2,16.38,130,64,506),(438,1,4.67,130,68,507),(439,1,8.72,131,6,508),(440,2,6.56,131,34,509),(441,1,6.97,131,1,510),(442,2,5.42,131,74,511),(443,2,4.92,131,48,512),(444,1,19.90,132,9,513),(445,3,14.70,132,5,514),(446,1,1.64,132,25,515),(447,1,10.58,132,67,516),(448,2,12.75,132,85,517),(449,2,9.34,133,7,518),(450,1,21.24,133,20,519),(451,1,2.79,133,21,520),(452,3,17.75,134,81,521),(453,1,2.95,134,41,522),(454,1,9.80,134,79,523),(455,1,3.61,135,30,524),(456,1,4.43,135,63,525),(457,2,7.22,135,96,526),(458,1,3.69,136,99,527),(459,1,6.97,136,1,528),(460,1,4.40,136,59,529),(461,2,11.39,136,81,530),(462,1,6.80,137,79,531),(463,2,24.50,137,109,532),(464,2,2.90,137,82,533),(465,2,4.92,137,48,534),(466,1,4.43,138,52,535),(467,2,4.92,138,27,536),(468,3,5.97,138,24,537),(469,2,16.24,138,71,538),(470,1,12.87,139,51,539),(471,1,7.30,140,69,540),(472,1,4.54,140,87,541),(473,1,19.90,140,9,542),(474,1,3.74,140,15,543),(475,2,10.00,140,29,544),(476,1,9.76,141,36,545),(477,2,6.56,141,34,546),(478,2,8.80,142,59,547),(479,1,7.20,142,37,548),(480,2,5.42,142,74,549),(481,1,1.64,143,25,550),(482,2,6.36,143,14,551),(483,2,18.86,144,11,655),(484,1,16.15,145,26,656),(485,1,21.24,146,20,657),(486,5,9.95,146,24,658),(487,6,6.54,146,43,659),(488,2,4.92,147,27,660),(489,3,14.01,147,7,661),(490,2,16.24,147,71,662),(491,1,7.20,148,37,663),(492,2,5.47,148,77,664),(493,2,7.38,148,50,665),(494,1,4.51,148,55,666),(495,2,16.20,148,64,667),(496,1,5.16,148,45,668),(497,1,4.40,149,65,669),(498,1,3.61,149,30,670),(499,1,8.12,150,90,671),(500,1,3.69,150,50,672);
/*!40000 ALTER TABLE `detalleboleta` ENABLE KEYS */;
UNLOCK TABLES;
/*!50003 SET @saved_cs_client      = @@character_set_client */ ;
/*!50003 SET @saved_cs_results     = @@character_set_results */ ;
/*!50003 SET @saved_col_connection = @@collation_connection */ ;
/*!50003 SET character_set_client  = utf8mb4 */ ;
/*!50003 SET character_set_results = utf8mb4 */ ;
/*!50003 SET collation_connection  = utf8mb4_0900_ai_ci */ ;
/*!50003 SET @saved_sql_mode       = @@sql_mode */ ;
/*!50003 SET sql_mode              = 'ONLY_FULL_GROUP_BY,STRICT_TRANS_TABLES,NO_ZERO_IN_DATE,NO_ZERO_DATE,ERROR_FOR_DIVISION_BY_ZERO,NO_ENGINE_SUBSTITUTION' */ ;
DELIMITER ;;
/*!50003 CREATE*/ /*!50003 TRIGGER `insertKardexVenta` AFTER INSERT ON `detalleboleta` FOR EACH ROW BEGIN
		INSERT INTO Kardex(Fecha, Cantidad, Precio, ID_Movimiento, ID_Producto) VALUES
			(NULL, NULL, NULL, 2, new.ID_Producto);
		        
		UPDATE Producto 
        SET StockActual = StockActual - new.Cantidad
        WHERE ID_Producto = new.ID_Producto;
        
    END */;;
DELIMITER ;
/*!50003 SET sql_mode              = @saved_sql_mode */ ;
/*!50003 SET character_set_client  = @saved_cs_client */ ;
/*!50003 SET character_set_results = @saved_cs_results */ ;
/*!50003 SET collation_connection  = @saved_col_connection */ ;
/*!50003 SET @saved_cs_client      = @@character_set_client */ ;
/*!50003 SET @saved_cs_results     = @@character_set_results */ ;
/*!50003 SET @saved_col_connection = @@collation_connection */ ;
/*!50003 SET character_set_client  = utf8mb4 */ ;
/*!50003 SET character_set_results = utf8mb4 */ ;
/*!50003 SET collation_connection  = utf8mb4_0900_ai_ci */ ;
/*!50003 SET @saved_sql_mode       = @@sql_mode */ ;
/*!50003 SET sql_mode              = 'ONLY_FULL_GROUP_BY,STRICT_TRANS_TABLES,NO_ZERO_IN_DATE,NO_ZERO_DATE,ERROR_FOR_DIVISION_BY_ZERO,NO_ENGINE_SUBSTITUTION' */ ;
DELIMITER ;;
/*!50003 CREATE*/ /*!50003 TRIGGER `deleteALLKardex` AFTER DELETE ON `detalleboleta` FOR EACH ROW BEGIN          
		SET FOREIGN_KEY_CHECKS = 0; 
		DELETE FROM Kardex
        WHERE ID_Kardex = old.ID_Kardex;
		SET FOREIGN_KEY_CHECKS = 1; 
        
        UPDATE Producto
        SET StockActual = StockActual + old.Cantidad
		WHERE ID_Producto = old.ID_Producto;
		
	END */;;
DELIMITER ;
/*!50003 SET sql_mode              = @saved_sql_mode */ ;
/*!50003 SET character_set_client  = @saved_cs_client */ ;
/*!50003 SET character_set_results = @saved_cs_results */ ;
/*!50003 SET collation_connection  = @saved_col_connection */ ;

--
-- Table structure for table `frecuenciapago`
--

DROP TABLE IF EXISTS `frecuenciapago`;
/*!40101 SET @saved_cs_client     = @@character_set_client */;
/*!50503 SET character_set_client = utf8mb4 */;
CREATE TABLE `frecuenciapago` (
  `ID_FP` int NOT NULL AUTO_INCREMENT,
  `DescFP` varchar(50) NOT NULL,
  PRIMARY KEY (`ID_FP`)
) ENGINE=InnoDB AUTO_INCREMENT=5 DEFAULT CHARSET=utf8mb4 COLLATE=utf8mb4_0900_ai_ci;
/*!40101 SET character_set_client = @saved_cs_client */;

--
-- Dumping data for table `frecuenciapago`
--

LOCK TABLES `frecuenciapago` WRITE;
/*!40000 ALTER TABLE `frecuenciapago` DISABLE KEYS */;
INSERT INTO `frecuenciapago` VALUES (1,'Sin Fiado'),(2,'En 7 dias'),(3,'En 15 dias'),(4,'En 30 dias');
/*!40000 ALTER TABLE `frecuenciapago` ENABLE KEYS */;
UNLOCK TABLES;

--
-- Table structure for table `kardex`
--

DROP TABLE IF EXISTS `kardex`;
/*!40101 SET @saved_cs_client     = @@character_set_client */;
/*!50503 SET character_set_client = utf8mb4 */;
CREATE TABLE `kardex` (
  `ID_Kardex` int NOT NULL AUTO_INCREMENT,
  `Fecha` timestamp NULL DEFAULT NULL,
  `Cantidad` int DEFAULT NULL,
  `Precio` decimal(5,2) DEFAULT NULL,
  `ID_Movimiento` int NOT NULL,
  `ID_Producto` int NOT NULL,
  PRIMARY KEY (`ID_Kardex`),
  KEY `fk_MovimientoK` (`ID_Movimiento`),
  KEY `fk_ProductoK` (`ID_Producto`),
  CONSTRAINT `fk_MovimientoK` FOREIGN KEY (`ID_Movimiento`) REFERENCES `movimiento` (`ID_Movimiento`),
  CONSTRAINT `fk_ProductoK` FOREIGN KEY (`ID_Producto`) REFERENCES `producto` (`ID_Producto`)
) ENGINE=InnoDB AUTO_INCREMENT=674 DEFAULT CHARSET=utf8mb4 COLLATE=utf8mb4_0900_ai_ci;
/*!40101 SET character_set_client = @saved_cs_client */;

--
-- Dumping data for table `kardex`
--

LOCK TABLES `kardex` WRITE;
/*!40000 ALTER TABLE `kardex` DISABLE KEYS */;
INSERT INTO `kardex` VALUES (1,NULL,NULL,NULL,2,49),(2,NULL,NULL,NULL,2,5),(3,NULL,NULL,NULL,2,61),(4,NULL,NULL,NULL,2,14),(5,NULL,NULL,NULL,2,42),(6,NULL,NULL,NULL,2,47),(7,NULL,NULL,NULL,2,75),(8,NULL,NULL,NULL,2,1),(9,NULL,NULL,NULL,2,41),(10,NULL,NULL,NULL,2,79),(11,NULL,NULL,NULL,2,74),(12,NULL,NULL,NULL,2,4),(13,NULL,NULL,NULL,2,67),(14,NULL,NULL,NULL,2,108),(15,NULL,NULL,NULL,2,6),(16,NULL,NULL,NULL,2,44),(17,NULL,NULL,NULL,2,8),(18,NULL,NULL,NULL,2,74),(19,NULL,NULL,NULL,2,25),(20,NULL,NULL,NULL,2,13),(21,NULL,NULL,NULL,2,7),(22,NULL,NULL,NULL,2,104),(23,NULL,NULL,NULL,2,57),(24,NULL,NULL,NULL,2,21),(25,NULL,NULL,NULL,2,22),(26,NULL,NULL,NULL,2,97),(27,NULL,NULL,NULL,2,70),(28,NULL,NULL,NULL,2,38),(29,NULL,NULL,NULL,2,11),(30,NULL,NULL,NULL,2,10),(31,NULL,NULL,NULL,2,81),(32,NULL,NULL,NULL,2,16),(33,NULL,NULL,NULL,2,47),(34,NULL,NULL,NULL,2,13),(35,NULL,NULL,NULL,2,109),(36,NULL,NULL,NULL,2,90),(37,NULL,NULL,NULL,2,74),(38,NULL,NULL,NULL,2,24),(39,NULL,NULL,NULL,2,78),(40,NULL,NULL,NULL,2,23),(41,NULL,NULL,NULL,2,95),(42,NULL,NULL,NULL,2,34),(43,NULL,NULL,NULL,2,31),(44,NULL,NULL,NULL,2,5),(45,NULL,NULL,NULL,2,36),(46,NULL,NULL,NULL,2,15),(47,NULL,NULL,NULL,2,104),(48,NULL,NULL,NULL,2,24),(49,NULL,NULL,NULL,2,73),(50,NULL,NULL,NULL,2,80),(51,NULL,NULL,NULL,2,14),(52,NULL,NULL,NULL,2,91),(53,NULL,NULL,NULL,2,29),(54,NULL,NULL,NULL,2,37),(55,NULL,NULL,NULL,2,82),(56,NULL,NULL,NULL,2,79),(57,NULL,NULL,NULL,2,50),(58,NULL,NULL,NULL,2,68),(59,NULL,NULL,NULL,2,40),(60,NULL,NULL,NULL,2,85),(61,NULL,NULL,NULL,2,20),(62,NULL,NULL,NULL,2,98),(63,NULL,NULL,NULL,2,77),(64,NULL,NULL,NULL,2,38),(65,NULL,NULL,NULL,2,65),(66,NULL,NULL,NULL,2,27),(67,NULL,NULL,NULL,2,62),(68,NULL,NULL,NULL,2,57),(69,NULL,NULL,NULL,2,9),(70,NULL,NULL,NULL,2,13),(71,NULL,NULL,NULL,2,95),(72,NULL,NULL,NULL,2,84),(73,NULL,NULL,NULL,2,108),(74,NULL,NULL,NULL,2,46),(75,NULL,NULL,NULL,2,88),(76,NULL,NULL,NULL,2,63),(77,NULL,NULL,NULL,2,19),(78,NULL,NULL,NULL,2,90),(79,NULL,NULL,NULL,2,44),(80,NULL,NULL,NULL,2,33),(81,NULL,NULL,NULL,2,48),(82,NULL,NULL,NULL,2,18),(83,NULL,NULL,NULL,2,9),(84,NULL,NULL,NULL,2,86),(85,NULL,NULL,NULL,2,100),(86,NULL,NULL,NULL,2,38),(87,NULL,NULL,NULL,2,92),(88,'2025-06-15 05:00:00',2,11.16,1,1),(89,'2025-06-15 05:00:00',1,20.72,1,4),(90,'2025-06-15 05:00:00',6,23.52,1,5),(91,'2025-06-15 05:00:00',1,6.28,1,6),(92,'2025-06-15 05:00:00',3,11.22,1,7),(93,'2025-06-15 05:00:00',2,16.92,1,8),(94,'2025-06-15 05:00:00',2,31.84,1,9),(95,'2025-06-15 05:00:00',2,5.60,1,10),(96,'2025-06-15 05:00:00',1,7.54,1,11),(97,'2025-06-15 05:00:00',6,16.78,1,13),(98,'2025-06-15 05:00:00',3,10.21,1,14),(99,'2025-06-15 05:00:00',2,4.10,1,15),(100,'2025-06-15 05:00:00',1,2.30,1,16),(101,'2025-06-15 05:00:00',1,17.65,1,18),(102,'2025-06-15 05:00:00',1,19.62,1,19),(103,'2025-06-15 05:00:00',1,16.99,1,20),(104,'2025-06-15 05:00:00',1,2.23,1,21),(105,'2025-06-15 05:00:00',1,1.18,1,22),(106,'2025-06-15 05:00:00',1,3.87,1,23),(107,'2025-06-15 05:00:00',7,11.13,1,24),(108,'2025-06-15 05:00:00',1,1.31,1,25),(109,'2025-06-15 05:00:00',2,3.94,1,27),(110,'2025-06-15 05:00:00',3,12.00,1,29),(111,'2025-06-15 05:00:00',1,0.72,1,31),(112,'2025-06-15 05:00:00',2,7.74,1,33),(113,'2025-06-15 05:00:00',3,7.86,1,34),(114,'2025-06-15 05:00:00',2,15.62,1,36),(115,'2025-06-15 05:00:00',1,5.76,1,37),(116,'2025-06-15 05:00:00',9,5.94,1,38),(117,'2025-06-15 05:00:00',4,9.44,1,40),(118,'2025-06-15 05:00:00',4,9.44,1,41),(119,'2025-06-15 05:00:00',1,3.08,1,42),(120,'2025-06-15 05:00:00',2,9.72,1,44),(121,'2025-06-15 05:00:00',2,22.24,1,46),(122,'2025-06-15 05:00:00',4,7.88,1,47),(123,'2025-06-15 05:00:00',2,3.94,1,48),(124,'2025-06-15 05:00:00',2,4.06,1,49),(125,'2025-06-15 05:00:00',2,5.90,1,50),(126,'2025-06-15 05:00:00',2,5.00,1,57),(127,'2025-06-15 05:00:00',2,9.12,1,61),(128,'2025-06-15 05:00:00',1,3.92,1,62),(129,'2025-06-15 05:00:00',0,1.43,1,63),(130,'2025-06-15 05:00:00',1,3.45,1,65),(131,'2025-06-15 05:00:00',1,8.46,1,67),(132,'2025-06-15 05:00:00',1,3.67,1,68),(133,'2025-06-15 05:00:00',1,3.22,1,70),(134,'2025-06-15 05:00:00',1,1.25,1,73),(135,'2025-06-15 05:00:00',6,13.02,1,74),(136,'2025-06-15 05:00:00',1,6.50,1,75),(137,'2025-06-15 05:00:00',1,3.49,1,77),(138,'2025-06-15 05:00:00',1,5.03,1,78),(139,'2025-06-15 05:00:00',2,15.10,1,79),(140,'2025-06-15 05:00:00',6,0.96,1,80),(141,'2025-06-15 05:00:00',2,11.24,1,81),(142,'2025-06-15 05:00:00',2,3.45,1,82),(143,'2025-06-15 05:00:00',1,3.41,1,84),(144,'2025-06-15 05:00:00',2,8.76,1,85),(145,'2025-06-15 05:00:00',1,2.56,1,86),(146,'2025-06-15 05:00:00',1,7.54,1,88),(147,'2025-06-15 05:00:00',2,13.00,1,90),(148,'2025-06-15 05:00:00',6,12.60,1,91),(149,'2025-06-15 05:00:00',3,2.85,1,92),(150,'2025-06-15 05:00:00',4,6.04,1,95),(151,'2025-06-15 05:00:00',2,5.78,1,97),(152,'2025-06-15 05:00:00',1,3.35,1,98),(153,'2025-06-15 05:00:00',1,5.84,1,100),(154,'2025-06-15 05:00:00',5,10.50,1,104),(155,'2025-06-15 05:00:00',3,8.61,1,108),(156,'2025-06-15 05:00:00',2,19.60,1,109),(157,NULL,NULL,NULL,2,89),(158,NULL,NULL,NULL,2,17),(159,NULL,NULL,NULL,2,107),(160,NULL,NULL,NULL,2,21),(161,NULL,NULL,NULL,2,35),(162,NULL,NULL,NULL,2,90),(163,NULL,NULL,NULL,2,7),(164,NULL,NULL,NULL,2,27),(165,NULL,NULL,NULL,2,16),(166,NULL,NULL,NULL,2,53),(167,NULL,NULL,NULL,2,15),(168,NULL,NULL,NULL,2,93),(169,NULL,NULL,NULL,2,37),(170,NULL,NULL,NULL,2,68),(171,NULL,NULL,NULL,2,67),(172,NULL,NULL,NULL,2,31),(173,NULL,NULL,NULL,2,54),(174,NULL,NULL,NULL,2,94),(175,NULL,NULL,NULL,2,6),(176,NULL,NULL,NULL,2,78),(177,NULL,NULL,NULL,2,88),(178,NULL,NULL,NULL,2,65),(179,NULL,NULL,NULL,2,33),(180,NULL,NULL,NULL,2,86),(181,NULL,NULL,NULL,2,69),(182,NULL,NULL,NULL,2,37),(183,NULL,NULL,NULL,2,90),(184,NULL,NULL,NULL,2,28),(185,NULL,NULL,NULL,2,12),(186,NULL,NULL,NULL,2,29),(187,NULL,NULL,NULL,2,28),(188,NULL,NULL,NULL,2,55),(189,NULL,NULL,NULL,2,106),(190,NULL,NULL,NULL,2,42),(191,NULL,NULL,NULL,2,104),(192,NULL,NULL,NULL,2,19),(193,NULL,NULL,NULL,2,85),(194,NULL,NULL,NULL,2,49),(195,NULL,NULL,NULL,2,12),(196,NULL,NULL,NULL,2,65),(197,NULL,NULL,NULL,2,20),(198,NULL,NULL,NULL,2,41),(199,NULL,NULL,NULL,2,80),(200,NULL,NULL,NULL,2,90),(201,NULL,NULL,NULL,2,21),(202,NULL,NULL,NULL,2,5),(203,NULL,NULL,NULL,2,3),(204,NULL,NULL,NULL,2,35),(205,NULL,NULL,NULL,2,97),(206,NULL,NULL,NULL,2,69),(207,NULL,NULL,NULL,2,1),(208,NULL,NULL,NULL,2,43),(209,NULL,NULL,NULL,2,13),(210,NULL,NULL,NULL,2,80),(211,NULL,NULL,NULL,2,27),(212,NULL,NULL,NULL,2,41),(213,NULL,NULL,NULL,2,78),(214,NULL,NULL,NULL,2,101),(215,NULL,NULL,NULL,2,40),(216,NULL,NULL,NULL,2,96),(217,NULL,NULL,NULL,2,79),(218,NULL,NULL,NULL,2,47),(219,NULL,NULL,NULL,2,103),(220,NULL,NULL,NULL,2,5),(221,NULL,NULL,NULL,2,13),(222,NULL,NULL,NULL,2,95),(223,NULL,NULL,NULL,2,107),(224,NULL,NULL,NULL,2,41),(225,NULL,NULL,NULL,2,89),(226,NULL,NULL,NULL,2,97),(227,NULL,NULL,NULL,2,9),(228,NULL,NULL,NULL,2,17),(229,NULL,NULL,NULL,2,37),(230,NULL,NULL,NULL,2,100),(231,NULL,NULL,NULL,2,64),(232,NULL,NULL,NULL,2,87),(233,NULL,NULL,NULL,2,59),(234,NULL,NULL,NULL,2,101),(235,NULL,NULL,NULL,2,56),(236,NULL,NULL,NULL,2,81),(237,NULL,NULL,NULL,2,60),(238,NULL,NULL,NULL,2,87),(239,NULL,NULL,NULL,2,76),(240,NULL,NULL,NULL,2,63),(241,NULL,NULL,NULL,2,27),(242,NULL,NULL,NULL,2,85),(243,NULL,NULL,NULL,2,105),(244,NULL,NULL,NULL,2,49),(245,NULL,NULL,NULL,2,101),(246,NULL,NULL,NULL,2,11),(247,NULL,NULL,NULL,2,25),(248,NULL,NULL,NULL,2,79),(249,NULL,NULL,NULL,2,62),(250,NULL,NULL,NULL,2,26),(251,NULL,NULL,NULL,2,64),(252,NULL,NULL,NULL,2,63),(253,NULL,NULL,NULL,2,90),(254,NULL,NULL,NULL,2,6),(255,NULL,NULL,NULL,2,29),(256,NULL,NULL,NULL,2,3),(257,NULL,NULL,NULL,2,43),(258,NULL,NULL,NULL,2,5),(259,NULL,NULL,NULL,2,19),(260,NULL,NULL,NULL,2,40),(261,NULL,NULL,NULL,2,64),(262,NULL,NULL,NULL,2,22),(263,NULL,NULL,NULL,2,59),(264,NULL,NULL,NULL,2,34),(265,NULL,NULL,NULL,2,83),(266,NULL,NULL,NULL,2,48),(267,NULL,NULL,NULL,2,108),(268,NULL,NULL,NULL,2,58),(269,NULL,NULL,NULL,2,34),(270,NULL,NULL,NULL,2,12),(271,NULL,NULL,NULL,2,36),(272,NULL,NULL,NULL,2,51),(273,NULL,NULL,NULL,2,108),(274,NULL,NULL,NULL,2,27),(275,NULL,NULL,NULL,2,14),(276,NULL,NULL,NULL,2,49),(277,NULL,NULL,NULL,2,55),(278,NULL,NULL,NULL,2,37),(279,NULL,NULL,NULL,2,95),(280,NULL,NULL,NULL,2,80),(281,NULL,NULL,NULL,2,71),(282,NULL,NULL,NULL,2,73),(283,NULL,NULL,NULL,2,20),(284,NULL,NULL,NULL,2,42),(285,NULL,NULL,NULL,2,34),(286,NULL,NULL,NULL,2,106),(287,NULL,NULL,NULL,2,82),(288,NULL,NULL,NULL,2,67),(289,NULL,NULL,NULL,2,90),(290,NULL,NULL,NULL,2,84),(291,NULL,NULL,NULL,2,71),(292,NULL,NULL,NULL,2,37),(293,NULL,NULL,NULL,2,61),(294,NULL,NULL,NULL,2,52),(295,NULL,NULL,NULL,2,59),(296,NULL,NULL,NULL,2,82),(297,NULL,NULL,NULL,2,35),(298,NULL,NULL,NULL,2,81),(299,NULL,NULL,NULL,2,9),(300,NULL,NULL,NULL,2,92),(301,NULL,NULL,NULL,2,83),(302,NULL,NULL,NULL,2,85),(303,NULL,NULL,NULL,2,84),(304,NULL,NULL,NULL,2,25),(305,NULL,NULL,NULL,2,43),(306,NULL,NULL,NULL,2,5),(307,NULL,NULL,NULL,2,74),(308,NULL,NULL,NULL,2,67),(309,NULL,NULL,NULL,2,105),(310,NULL,NULL,NULL,2,96),(311,NULL,NULL,NULL,2,12),(312,NULL,NULL,NULL,2,44),(313,NULL,NULL,NULL,2,27),(314,NULL,NULL,NULL,2,66),(315,NULL,NULL,NULL,2,81),(316,NULL,NULL,NULL,2,61),(317,NULL,NULL,NULL,2,7),(318,NULL,NULL,NULL,2,74),(319,NULL,NULL,NULL,2,104),(320,NULL,NULL,NULL,2,106),(321,NULL,NULL,NULL,2,59),(322,NULL,NULL,NULL,2,49),(323,NULL,NULL,NULL,2,19),(324,NULL,NULL,NULL,2,64),(325,NULL,NULL,NULL,2,101),(326,NULL,NULL,NULL,2,42),(327,NULL,NULL,NULL,2,40),(328,NULL,NULL,NULL,2,39),(329,NULL,NULL,NULL,2,43),(330,NULL,NULL,NULL,2,11),(331,NULL,NULL,NULL,2,32),(332,NULL,NULL,NULL,2,81),(333,NULL,NULL,NULL,2,3),(334,NULL,NULL,NULL,2,46),(335,NULL,NULL,NULL,2,85),(336,NULL,NULL,NULL,2,28),(337,NULL,NULL,NULL,2,29),(338,NULL,NULL,NULL,2,37),(339,NULL,NULL,NULL,2,71),(340,NULL,NULL,NULL,2,48),(341,NULL,NULL,NULL,2,5),(342,NULL,NULL,NULL,2,102),(343,NULL,NULL,NULL,2,89),(344,NULL,NULL,NULL,2,43),(345,NULL,NULL,NULL,2,77),(346,NULL,NULL,NULL,2,98),(347,NULL,NULL,NULL,2,66),(348,NULL,NULL,NULL,2,59),(349,NULL,NULL,NULL,2,48),(350,NULL,NULL,NULL,2,58),(351,NULL,NULL,NULL,2,68),(352,NULL,NULL,NULL,2,79),(353,NULL,NULL,NULL,2,55),(354,NULL,NULL,NULL,2,92),(355,NULL,NULL,NULL,2,66),(356,NULL,NULL,NULL,2,90),(357,NULL,NULL,NULL,2,9),(358,NULL,NULL,NULL,2,34),(359,NULL,NULL,NULL,2,24),(360,NULL,NULL,NULL,2,80),(361,NULL,NULL,NULL,2,14),(362,NULL,NULL,NULL,2,77),(363,NULL,NULL,NULL,2,11),(364,NULL,NULL,NULL,2,42),(365,NULL,NULL,NULL,2,85),(366,NULL,NULL,NULL,2,81),(367,NULL,NULL,NULL,2,69),(368,NULL,NULL,NULL,2,71),(369,NULL,NULL,NULL,2,50),(370,NULL,NULL,NULL,2,68),(371,NULL,NULL,NULL,2,43),(372,NULL,NULL,NULL,2,42),(373,NULL,NULL,NULL,2,80),(374,NULL,NULL,NULL,2,16),(375,NULL,NULL,NULL,2,63),(376,NULL,NULL,NULL,2,65),(377,NULL,NULL,NULL,2,73),(378,NULL,NULL,NULL,2,13),(379,NULL,NULL,NULL,2,42),(380,NULL,NULL,NULL,2,49),(381,NULL,NULL,NULL,2,44),(382,NULL,NULL,NULL,2,61),(383,NULL,NULL,NULL,2,80),(384,NULL,NULL,NULL,2,52),(385,NULL,NULL,NULL,2,49),(386,NULL,NULL,NULL,2,85),(387,NULL,NULL,NULL,2,103),(388,NULL,NULL,NULL,2,101),(389,NULL,NULL,NULL,2,1),(390,NULL,NULL,NULL,2,79),(391,NULL,NULL,NULL,2,86),(392,NULL,NULL,NULL,2,77),(393,NULL,NULL,NULL,2,71),(394,NULL,NULL,NULL,2,34),(395,NULL,NULL,NULL,2,29),(396,NULL,NULL,NULL,2,14),(397,NULL,NULL,NULL,2,109),(398,NULL,NULL,NULL,2,56),(399,NULL,NULL,NULL,2,3),(400,NULL,NULL,NULL,2,108),(401,NULL,NULL,NULL,2,87),(402,NULL,NULL,NULL,2,41),(403,NULL,NULL,NULL,2,60),(404,NULL,NULL,NULL,2,101),(405,NULL,NULL,NULL,2,15),(406,NULL,NULL,NULL,2,61),(407,NULL,NULL,NULL,2,5),(408,NULL,NULL,NULL,2,50),(409,NULL,NULL,NULL,2,42),(410,NULL,NULL,NULL,2,94),(411,NULL,NULL,NULL,2,65),(412,NULL,NULL,NULL,2,107),(413,NULL,NULL,NULL,2,88),(414,NULL,NULL,NULL,2,45),(415,NULL,NULL,NULL,2,37),(416,NULL,NULL,NULL,2,5),(417,NULL,NULL,NULL,2,51),(418,NULL,NULL,NULL,2,8),(419,NULL,NULL,NULL,2,80),(420,NULL,NULL,NULL,2,108),(421,NULL,NULL,NULL,2,41),(422,NULL,NULL,NULL,2,73),(423,NULL,NULL,NULL,2,77),(424,NULL,NULL,NULL,2,9),(425,NULL,NULL,NULL,2,105),(426,NULL,NULL,NULL,2,77),(427,NULL,NULL,NULL,2,43),(428,NULL,NULL,NULL,2,97),(429,NULL,NULL,NULL,2,93),(430,NULL,NULL,NULL,2,18),(431,NULL,NULL,NULL,2,101),(432,NULL,NULL,NULL,2,61),(433,NULL,NULL,NULL,2,47),(434,NULL,NULL,NULL,2,2),(435,NULL,NULL,NULL,2,3),(436,NULL,NULL,NULL,2,101),(437,NULL,NULL,NULL,2,56),(438,NULL,NULL,NULL,2,14),(439,NULL,NULL,NULL,2,107),(440,NULL,NULL,NULL,2,90),(441,NULL,NULL,NULL,2,84),(442,NULL,NULL,NULL,2,42),(443,NULL,NULL,NULL,2,108),(444,NULL,NULL,NULL,2,17),(445,NULL,NULL,NULL,2,59),(446,NULL,NULL,NULL,2,41),(447,NULL,NULL,NULL,2,7),(448,NULL,NULL,NULL,2,97),(449,NULL,NULL,NULL,2,9),(450,NULL,NULL,NULL,2,81),(451,NULL,NULL,NULL,2,1),(452,NULL,NULL,NULL,2,39),(453,NULL,NULL,NULL,2,65),(454,NULL,NULL,NULL,2,28),(455,NULL,NULL,NULL,2,63),(456,NULL,NULL,NULL,2,66),(457,NULL,NULL,NULL,2,37),(458,NULL,NULL,NULL,2,78),(459,NULL,NULL,NULL,2,108),(460,NULL,NULL,NULL,2,102),(461,NULL,NULL,NULL,2,23),(462,NULL,NULL,NULL,2,77),(463,NULL,NULL,NULL,2,73),(464,NULL,NULL,NULL,2,98),(465,NULL,NULL,NULL,2,2),(466,NULL,NULL,NULL,2,48),(467,NULL,NULL,NULL,2,74),(468,NULL,NULL,NULL,2,27),(469,NULL,NULL,NULL,2,58),(470,NULL,NULL,NULL,2,42),(471,NULL,NULL,NULL,2,49),(472,NULL,NULL,NULL,2,66),(473,NULL,NULL,NULL,2,28),(474,NULL,NULL,NULL,2,61),(475,NULL,NULL,NULL,2,91),(476,NULL,NULL,NULL,2,82),(477,NULL,NULL,NULL,2,50),(478,NULL,NULL,NULL,2,65),(479,NULL,NULL,NULL,2,83),(480,NULL,NULL,NULL,2,67),(481,NULL,NULL,NULL,2,61),(482,NULL,NULL,NULL,2,29),(483,NULL,NULL,NULL,2,60),(484,NULL,NULL,NULL,2,14),(485,NULL,NULL,NULL,2,43),(486,NULL,NULL,NULL,2,3),(487,NULL,NULL,NULL,2,27),(488,NULL,NULL,NULL,2,32),(489,NULL,NULL,NULL,2,77),(490,NULL,NULL,NULL,2,24),(491,NULL,NULL,NULL,2,45),(492,NULL,NULL,NULL,2,50),(493,NULL,NULL,NULL,2,43),(494,NULL,NULL,NULL,2,67),(495,NULL,NULL,NULL,2,65),(496,NULL,NULL,NULL,2,78),(497,NULL,NULL,NULL,2,54),(498,NULL,NULL,NULL,2,9),(499,NULL,NULL,NULL,2,17),(500,NULL,NULL,NULL,2,70),(501,NULL,NULL,NULL,2,24),(502,NULL,NULL,NULL,2,9),(503,NULL,NULL,NULL,2,16),(504,NULL,NULL,NULL,2,6),(505,NULL,NULL,NULL,2,56),(506,NULL,NULL,NULL,2,64),(507,NULL,NULL,NULL,2,68),(508,NULL,NULL,NULL,2,6),(509,NULL,NULL,NULL,2,34),(510,NULL,NULL,NULL,2,1),(511,NULL,NULL,NULL,2,74),(512,NULL,NULL,NULL,2,48),(513,NULL,NULL,NULL,2,9),(514,NULL,NULL,NULL,2,5),(515,NULL,NULL,NULL,2,25),(516,NULL,NULL,NULL,2,67),(517,NULL,NULL,NULL,2,85),(518,NULL,NULL,NULL,2,7),(519,NULL,NULL,NULL,2,20),(520,NULL,NULL,NULL,2,21),(521,NULL,NULL,NULL,2,81),(522,NULL,NULL,NULL,2,41),(523,NULL,NULL,NULL,2,79),(524,NULL,NULL,NULL,2,30),(525,NULL,NULL,NULL,2,63),(526,NULL,NULL,NULL,2,96),(527,NULL,NULL,NULL,2,99),(528,NULL,NULL,NULL,2,1),(529,NULL,NULL,NULL,2,59),(530,NULL,NULL,NULL,2,81),(531,NULL,NULL,NULL,2,79),(532,NULL,NULL,NULL,2,109),(533,NULL,NULL,NULL,2,82),(534,NULL,NULL,NULL,2,48),(535,NULL,NULL,NULL,2,52),(536,NULL,NULL,NULL,2,27),(537,NULL,NULL,NULL,2,24),(538,NULL,NULL,NULL,2,71),(539,NULL,NULL,NULL,2,51),(540,NULL,NULL,NULL,2,69),(541,NULL,NULL,NULL,2,87),(542,NULL,NULL,NULL,2,9),(543,NULL,NULL,NULL,2,15),(544,NULL,NULL,NULL,2,29),(545,NULL,NULL,NULL,2,36),(546,NULL,NULL,NULL,2,34),(547,NULL,NULL,NULL,2,59),(548,NULL,NULL,NULL,2,37),(549,NULL,NULL,NULL,2,74),(550,NULL,NULL,NULL,2,25),(551,NULL,NULL,NULL,2,14),(552,'2025-06-30 05:00:00',6,33.48,1,1),(553,'2025-06-30 05:00:00',2,3.94,1,2),(554,'2025-06-30 05:00:00',10,22.30,1,3),(555,'2025-06-30 05:00:00',20,78.40,1,5),(556,'2025-06-30 05:00:00',3,21.97,1,6),(557,'2025-06-30 05:00:00',11,41.14,1,7),(558,'2025-06-30 05:00:00',2,16.92,1,8),(559,'2025-06-30 05:00:00',9,143.28,1,9),(560,'2025-06-30 05:00:00',3,22.62,1,11),(561,'2025-06-30 05:00:00',10,19.44,1,12),(562,'2025-06-30 05:00:00',7,17.54,1,13),(563,'2025-06-30 05:00:00',9,28.09,1,14),(564,'2025-06-30 05:00:00',4,9.10,1,15),(565,'2025-06-30 05:00:00',3,6.90,1,16),(566,'2025-06-30 05:00:00',4,9.20,1,17),(567,'2025-06-30 05:00:00',1,17.65,1,18),(568,'2025-06-30 05:00:00',3,58.86,1,19),(569,'2025-06-30 05:00:00',3,50.97,1,20),(570,'2025-06-30 05:00:00',3,6.69,1,21),(571,'2025-06-30 05:00:00',1,1.18,1,22),(572,'2025-06-30 05:00:00',1,3.87,1,23),(573,'2025-06-30 05:00:00',11,17.49,1,24),(574,'2025-06-30 05:00:00',4,5.24,1,25),(575,'2025-06-30 05:00:00',1,12.92,1,26),(576,'2025-06-30 05:00:00',13,25.61,1,27),(577,'2025-06-30 05:00:00',5,35.75,1,28),(578,'2025-06-30 05:00:00',16,64.00,1,29),(579,'2025-06-30 05:00:00',1,2.89,1,30),(580,'2025-06-30 05:00:00',1,0.72,1,31),(581,'2025-06-30 05:00:00',2,9.82,1,32),(582,'2025-06-30 05:00:00',2,7.74,1,33),(583,'2025-06-30 05:00:00',14,36.68,1,34),(584,'2025-06-30 05:00:00',3,8.25,1,35),(585,'2025-06-30 05:00:00',2,15.62,1,36),(586,'2025-06-30 05:00:00',12,69.12,1,37),(587,'2025-06-30 05:00:00',2,14.44,1,39),(588,'2025-06-30 05:00:00',5,11.80,1,40),(589,'2025-06-30 05:00:00',13,30.68,1,41),(590,'2025-06-30 05:00:00',9,27.72,1,42),(591,'2025-06-30 05:00:00',40,34.80,1,43),(592,'2025-06-30 05:00:00',2,9.72,1,44),(593,'2025-06-30 05:00:00',2,8.26,1,45),(594,'2025-06-30 05:00:00',2,22.24,1,46),(595,'2025-06-30 05:00:00',3,5.91,1,47),(596,'2025-06-30 05:00:00',12,23.64,1,48),(597,'2025-06-30 05:00:00',13,26.39,1,49),(598,'2025-06-30 05:00:00',4,11.80,1,50),(599,'2025-06-30 05:00:00',3,30.90,1,51),(600,'2025-06-30 05:00:00',3,10.62,1,52),(601,'2025-06-30 05:00:00',2,2.10,1,53),(602,'2025-06-30 05:00:00',4,5.00,1,54),(603,'2025-06-30 05:00:00',3,10.83,1,55),(604,'2025-06-30 05:00:00',4,26.00,1,56),(605,'2025-06-30 05:00:00',2,9.99,1,58),(606,'2025-06-30 05:00:00',12,42.24,1,59),(607,'2025-06-30 05:00:00',7,24.64,1,60),(608,'2025-06-30 05:00:00',14,63.84,1,61),(609,'2025-06-30 05:00:00',2,7.84,1,62),(610,'2025-06-30 05:00:00',4,13.25,1,63),(611,'2025-06-30 05:00:00',9,62.87,1,64),(612,'2025-06-30 05:00:00',9,31.22,1,65),(613,'2025-06-30 05:00:00',7,28.50,1,66),(614,'2025-06-30 05:00:00',6,50.76,1,67),(615,'2025-06-30 05:00:00',6,15.93,1,68),(616,'2025-06-30 05:00:00',4,23.36,1,69),(617,'2025-06-30 05:00:00',2,6.44,1,70),(618,'2025-06-30 05:00:00',7,45.50,1,71),(619,'2025-06-30 05:00:00',4,5.00,1,73),(620,'2025-06-30 05:00:00',10,21.70,1,74),(621,'2025-06-30 05:00:00',1,5.58,1,76),(622,'2025-06-30 05:00:00',11,26.39,1,77),(623,'2025-06-30 05:00:00',4,21.41,1,78),(624,'2025-06-30 05:00:00',7,44.91,1,79),(625,'2025-06-30 05:00:00',37,5.92,1,80),(626,'2025-06-30 05:00:00',17,92.74,1,81),(627,'2025-06-30 05:00:00',9,12.37,1,82),(628,'2025-06-30 05:00:00',6,27.97,1,83),(629,'2025-06-30 05:00:00',3,10.23,1,84),(630,'2025-06-30 05:00:00',16,72.10,1,85),(631,'2025-06-30 05:00:00',2,5.12,1,86),(632,'2025-06-30 05:00:00',6,17.05,1,87),(633,'2025-06-30 05:00:00',2,15.08,1,88),(634,'2025-06-30 05:00:00',3,43.11,1,89),(635,'2025-06-30 05:00:00',7,45.50,1,90),(636,'2025-06-30 05:00:00',2,4.20,1,91),(637,'2025-06-30 05:00:00',4,3.80,1,92),(638,'2025-06-30 05:00:00',2,45.80,1,93),(639,'2025-06-30 05:00:00',2,3.28,1,94),(640,'2025-06-30 05:00:00',3,4.53,1,95),(641,'2025-06-30 05:00:00',6,17.34,1,96),(642,'2025-06-30 05:00:00',7,20.23,1,97),(643,'2025-06-30 05:00:00',3,7.05,1,98),(644,'2025-06-30 05:00:00',1,2.95,1,99),(645,'2025-06-30 05:00:00',1,5.84,1,100),(646,'2025-06-30 05:00:00',7,31.65,1,101),(647,'2025-06-30 05:00:00',2,58.92,1,102),(648,'2025-06-30 05:00:00',4,8.40,1,103),(649,'2025-06-30 05:00:00',4,8.40,1,104),(650,'2025-06-30 05:00:00',3,14.16,1,105),(651,'2025-06-30 05:00:00',3,14.16,1,106),(652,'2025-06-30 05:00:00',7,28.57,1,107),(653,'2025-06-30 05:00:00',8,25.97,1,108),(654,'2025-06-30 05:00:00',5,38.00,1,109),(655,NULL,NULL,NULL,2,11),(656,NULL,NULL,NULL,2,26),(657,NULL,NULL,NULL,2,20),(658,NULL,NULL,NULL,2,24),(659,NULL,NULL,NULL,2,43),(660,NULL,NULL,NULL,2,27),(661,NULL,NULL,NULL,2,7),(662,NULL,NULL,NULL,2,71),(663,NULL,NULL,NULL,2,37),(664,NULL,NULL,NULL,2,77),(665,NULL,NULL,NULL,2,50),(666,NULL,NULL,NULL,2,55),(667,NULL,NULL,NULL,2,64),(668,NULL,NULL,NULL,2,45),(669,NULL,NULL,NULL,2,65),(670,NULL,NULL,NULL,2,30),(671,NULL,NULL,NULL,2,90),(672,NULL,NULL,NULL,2,50);
/*!40000 ALTER TABLE `kardex` ENABLE KEYS */;
UNLOCK TABLES;

--
-- Table structure for table `movimiento`
--

DROP TABLE IF EXISTS `movimiento`;
/*!40101 SET @saved_cs_client     = @@character_set_client */;
/*!50503 SET character_set_client = utf8mb4 */;
CREATE TABLE `movimiento` (
  `ID_Movimiento` int NOT NULL AUTO_INCREMENT,
  `DescMovimiento` varchar(10) NOT NULL,
  PRIMARY KEY (`ID_Movimiento`)
) ENGINE=InnoDB AUTO_INCREMENT=3 DEFAULT CHARSET=utf8mb4 COLLATE=utf8mb4_0900_ai_ci;
/*!40101 SET character_set_client = @saved_cs_client */;

--
-- Dumping data for table `movimiento`
--

LOCK TABLES `movimiento` WRITE;
/*!40000 ALTER TABLE `movimiento` DISABLE KEYS */;
INSERT INTO `movimiento` VALUES (1,'Compra'),(2,'Venta');
/*!40000 ALTER TABLE `movimiento` ENABLE KEYS */;
UNLOCK TABLES;

--
-- Table structure for table `producto`
--

DROP TABLE IF EXISTS `producto`;
/*!40101 SET @saved_cs_client     = @@character_set_client */;
/*!50503 SET character_set_client = utf8mb4 */;
CREATE TABLE `producto` (
  `ID_Producto` int NOT NULL AUTO_INCREMENT,
  `Nombre` varchar(75) NOT NULL,
  `StockActual` int NOT NULL,
  `PrecioUnit` decimal(5,2) NOT NULL,
  `ID_TipoOP` int NOT NULL,
  PRIMARY KEY (`ID_Producto`),
  KEY `fk_TipoOP` (`ID_TipoOP`),
  CONSTRAINT `fk_TipoOP` FOREIGN KEY (`ID_TipoOP`) REFERENCES `tipoop` (`ID_TipoOP`)
) ENGINE=InnoDB AUTO_INCREMENT=110 DEFAULT CHARSET=utf8mb4 COLLATE=utf8mb4_0900_ai_ci;
/*!40101 SET character_set_client = @saved_cs_client */;

--
-- Dumping data for table `producto`
--

LOCK TABLES `producto` WRITE;
/*!40000 ALTER TABLE `producto` DISABLE KEYS */;
INSERT INTO `producto` VALUES (1,'Aceite Primor 900 mL',25,6.97,2),(2,'Aji Criollo 100 g',10,2.46,2),(3,'Apio x 1 un',20,2.79,1),(4,'Arroz Extra Costeño Bolsa 5 kg',5,25.90,1),(5,'Arroz Extra Costeño Bolsa 750 g',40,4.90,1),(6,'Arveja x 1 kg',10,10.90,1),(7,'Atún en agua 140g',27,4.67,2),(8,'Avena Quaker Tradicional Bolsa 900 g',15,10.58,2),(9,'Azúcar Rubia Bolsa 5 kg',20,19.90,1),(10,'Beterraga x 1 un',5,3.50,1),(11,'Café Instantáneo Clásico Altomayo 100 g',13,9.43,2),(12,'Camote Amarillo x 1 kg',30,2.49,1),(13,'Camote Morado x 1 kg',30,3.29,1),(14,'Cebolla Blanca x 1 kg',20,3.70,1),(15,'Cebolla Roja x 1kg',20,2.79,1),(16,'Cereal Ángel Chocolate',15,2.87,2),(17,'Cereal Ángel Flakes 140 g',15,2.87,2),(18,'Cerveza Corona Six Pack Lata 355 ml',5,22.06,2),(19,'Cerveza Cusqueña Trigo Six Pack Lata 355 ml',5,24.52,2),(20,'Cerveza Pilsen Callao Six Pack Lata 355 ml',4,21.24,2),(21,'Cheese Tris Queso 44 g',10,2.79,2),(22,'Chifles Karinto 34 g',10,1.48,2),(23,'Chizitos Queso 190  g',10,4.84,2),(24,'Choclo x 1 und',25,1.99,1),(25,'Chocman 50 g',10,1.64,2),(26,'Cigarros Marlboro Double Burst 20',9,16.15,2),(27,'Coca-Cola 500ml',28,2.46,2),(28,'Conserva Durazno en Mitades 820 g',6,8.94,2),(29,'Conserva Trozos de Atún 150 g',30,5.00,2),(30,'Crema de Ají Tarí 85 g',9,3.61,2),(31,'Cuates Karinto Salados 43 g',10,0.90,2),(32,'Doritos Queso 150 g',10,6.14,2),(33,'Energizante Volt Ginseng Lata x 473 ml',10,4.84,2),(34,'Fideos Don Vittorio 500g',30,3.28,2),(35,'Flan Universal Vainilla 150 g',10,3.44,2),(36,'Fortificante Milo 200 g',10,9.76,2),(37,'Frijol Canario Bolsa 500 g',19,7.20,1),(38,'Galletas Oreo 36 g',10,0.82,2),(39,'Gaseosa Pepsi 3L',10,9.02,2),(40,'Gatorade Mandarina 500 ml',15,2.95,2),(41,'Gatorade Tropical Fruit 500 ml',25,2.95,2),(42,'Gelatina de Fresa Universal 150 g',15,3.85,2),(43,'Granadilla x 1 und',44,1.09,1),(44,'Harina Molitalia Preparada 1 kg',10,6.07,2),(45,'Helado grand Prix bombones 72 ml',4,5.16,2),(46,'Huevos de Gallina La Calera de Corral Paquete 12 un',10,13.90,1),(47,'Infusión Anis 25 und',10,2.46,2),(48,'Infusión Manzanilla 25 und',20,2.46,2),(49,'Infusión Té, Canela y Clavo 25 und',20,2.54,2),(50,'Inka Kola 1L',13,3.69,2),(51,'Jamón Sandwich San Fernando Bolsa 490 g',5,12.87,2),(52,'Jugo Cifrut Citrus Punch 1.5L',5,4.43,2),(53,'Jugo Cifrut Citrus Punch Naranja 350 ml',5,1.31,2),(54,'Jugo Frugos del Valle Durazno 235 ml',5,1.56,2),(55,'Jugo Gloria Durazno 1L',4,4.51,2),(56,'Keke Bimbo Naranja Familiar 380 g',5,8.12,2),(57,'Keke PYC Naranja 90 g',5,3.12,2),(58,'Kión x 1 kg',5,7.90,1),(59,'Leche Gloria Niños Lata 395 g',20,4.40,1),(60,'Leche Gloria Sin Lactosa Lata 395 g',20,4.40,1),(61,'Leche UHT Gloria Entera 1L',20,5.70,1),(62,'Lenteja Bebé Bolsa 500 g',10,4.90,1),(63,'Limón x 1 kg',5,3.89,1),(64,'Maíz Morado x 1 kg',13,8.90,1),(65,'Mandarina x 1kg',14,4.40,1),(66,'Mango Kent x 1 kg',15,4.79,1),(67,'Mantequilla Laive con Sal Barra 180 g',10,10.58,2),(68,'Manzana Delicia x 1kg',10,3.59,1),(69,'Margarina Dorina Pote 220 g',10,7.30,2),(70,'Masa para Wantán Bolsa 500 g',10,4.02,2),(71,'Mayonesa Alacena 190 g',8,8.12,2),(72,'Mazamorra Morada Universal 150 g',5,2.79,2),(73,'Mermelada Fresa Gloria Sachet 100 g',5,1.56,2),(74,'Mix de Emoliente Bolsa 100 g',20,2.71,2),(75,'Mix Piqueo Snax 200 g',5,8.12,2),(76,'Modificador Chocolisto 200 g',5,6.97,2),(77,'Naranja para Jugo x 1kg',18,2.99,1),(78,'Olluco x 1 kg',10,6.99,1),(79,'Palta Fuerte x 1 kg',10,8.10,1),(80,'Pan francés (unidad)',63,0.20,1),(81,'Papa Amarilla x 1 kg',25,6.99,1),(82,'Papa Blanca x 1 kg',25,1.78,1),(83,'Papa Huayro x 1 kg',25,6.29,1),(84,'Papas Lays Clásicas 70 g',5,4.26,2),(85,'Papaya x 1 kg',25,5.59,1),(86,'Paté de Pollo Paquete 100 g',5,3.20,2),(87,'Plátano de seda x 1kg',10,3.49,1),(88,'Queso Crema Philadelphia Brick Original 180 g',5,9.43,2),(89,'Queso Edam Paquete 440 g',5,17.96,2),(90,'Queso Fresco Paquete 300 g',9,8.12,2),(91,'Rehidratante Sporade Tropical Tapa Plana 500 ml',15,2.62,2),(92,'Rocoto x 1 un',15,1.19,1),(93,'Ron Cartavio Black 1L',5,28.62,2),(94,'Sal Marina Mesa Bolsa 1 kg',9,2.05,2),(95,'Sopa Ajinomen Sabor Gallina 80 g',10,1.89,2),(96,'Spaghetti Molitalia 500 g',15,3.61,2),(97,'Tallarín Molitalia 450 g',15,3.61,2),(98,'Tomate Italiano 1kg',10,3.38,1),(99,'Tortees Salado 138 g',5,3.69,2),(100,'Tostadas Bimbo Clásicas 128 g',5,7.30,2),(101,'Vainita x 1 kg',10,5.89,1),(102,'Whisky Johnnie Walker Red Label 750 ml',5,36.82,2),(103,'Yogurt Battimix Gloria Vainillia Chocolate 146 g',10,2.62,2),(104,'Yogurt Battimix Gloria Vainillia Mini Cookies 138 g',10,2.62,2),(105,'Yogurt Gloria Durazno 1L',10,5.90,2),(106,'Yogurt Gloria Fresa 1L',10,5.90,2),(107,'Yuca x 1kg',10,4.99,1),(108,'Zanahoria x 1kg',15,3.99,1),(109,'Zapallo Macre x 1kg',20,10.00,1);
/*!40000 ALTER TABLE `producto` ENABLE KEYS */;
UNLOCK TABLES;

--
-- Table structure for table `tipoop`
--

DROP TABLE IF EXISTS `tipoop`;
/*!40101 SET @saved_cs_client     = @@character_set_client */;
/*!50503 SET character_set_client = utf8mb4 */;
CREATE TABLE `tipoop` (
  `ID_TipoOP` int NOT NULL AUTO_INCREMENT,
  `DescTipoOP` varchar(20) NOT NULL,
  PRIMARY KEY (`ID_TipoOP`)
) ENGINE=InnoDB AUTO_INCREMENT=3 DEFAULT CHARSET=utf8mb4 COLLATE=utf8mb4_0900_ai_ci;
/*!40101 SET character_set_client = @saved_cs_client */;

--
-- Dumping data for table `tipoop`
--

LOCK TABLES `tipoop` WRITE;
/*!40000 ALTER TABLE `tipoop` DISABLE KEYS */;
INSERT INTO `tipoop` VALUES (1,'Inafecta'),(2,'Gravada');
/*!40000 ALTER TABLE `tipoop` ENABLE KEYS */;
UNLOCK TABLES;

--
-- Table structure for table `tipopago`
--

DROP TABLE IF EXISTS `tipopago`;
/*!40101 SET @saved_cs_client     = @@character_set_client */;
/*!50503 SET character_set_client = utf8mb4 */;
CREATE TABLE `tipopago` (
  `ID_TipoPago` int NOT NULL AUTO_INCREMENT,
  `DescTipoPago` varchar(15) NOT NULL,
  PRIMARY KEY (`ID_TipoPago`)
) ENGINE=InnoDB AUTO_INCREMENT=3 DEFAULT CHARSET=utf8mb4 COLLATE=utf8mb4_0900_ai_ci;
/*!40101 SET character_set_client = @saved_cs_client */;

--
-- Dumping data for table `tipopago`
--

LOCK TABLES `tipopago` WRITE;
/*!40000 ALTER TABLE `tipopago` DISABLE KEYS */;
INSERT INTO `tipopago` VALUES (1,'Boleta'),(2,'Factura');
/*!40000 ALTER TABLE `tipopago` ENABLE KEYS */;
UNLOCK TABLES;

--
-- Dumping routines for database 'bodega'
--
/*!50003 DROP FUNCTION IF EXISTS `calcularIGV` */;
/*!50003 SET @saved_cs_client      = @@character_set_client */ ;
/*!50003 SET @saved_cs_results     = @@character_set_results */ ;
/*!50003 SET @saved_col_connection = @@collation_connection */ ;
/*!50003 SET character_set_client  = utf8mb4 */ ;
/*!50003 SET character_set_results = utf8mb4 */ ;
/*!50003 SET collation_connection  = utf8mb4_0900_ai_ci */ ;
/*!50003 SET @saved_sql_mode       = @@sql_mode */ ;
/*!50003 SET sql_mode              = 'ONLY_FULL_GROUP_BY,STRICT_TRANS_TABLES,NO_ZERO_IN_DATE,NO_ZERO_DATE,ERROR_FOR_DIVISION_BY_ZERO,NO_ENGINE_SUBSTITUTION' */ ;
DELIMITER ;;
CREATE DEFINER=`root`@`localhost` FUNCTION `calcularIGV`(rID_BoletaCabecera INT) RETURNS decimal(5,2)
    DETERMINISTIC
BEGIN
	DECLARE F_IGV DECIMAL(5, 2);
    
    SELECT TotalOPGravada * 0.18
    INTO F_IGV
    FROM BoletaCabecera
    WHERE ID_BoletaCabecera = rID_BoletaCabecera;
    
    RETURN F_IGV;
END ;;
DELIMITER ;
/*!50003 SET sql_mode              = @saved_sql_mode */ ;
/*!50003 SET character_set_client  = @saved_cs_client */ ;
/*!50003 SET character_set_results = @saved_cs_results */ ;
/*!50003 SET collation_connection  = @saved_col_connection */ ;
/*!50003 DROP FUNCTION IF EXISTS `calcularPrecioTotalXProducto` */;
/*!50003 SET @saved_cs_client      = @@character_set_client */ ;
/*!50003 SET @saved_cs_results     = @@character_set_results */ ;
/*!50003 SET @saved_col_connection = @@collation_connection */ ;
/*!50003 SET character_set_client  = utf8mb4 */ ;
/*!50003 SET character_set_results = utf8mb4 */ ;
/*!50003 SET collation_connection  = utf8mb4_0900_ai_ci */ ;
/*!50003 SET @saved_sql_mode       = @@sql_mode */ ;
/*!50003 SET sql_mode              = 'ONLY_FULL_GROUP_BY,STRICT_TRANS_TABLES,NO_ZERO_IN_DATE,NO_ZERO_DATE,ERROR_FOR_DIVISION_BY_ZERO,NO_ENGINE_SUBSTITUTION' */ ;
DELIMITER ;;
CREATE DEFINER=`root`@`localhost` FUNCTION `calcularPrecioTotalXProducto`(rCantidad INT, rID_Producto INT) RETURNS decimal(5,2)
    DETERMINISTIC
BEGIN
	DECLARE F_PrecioUnitario DECIMAL(5, 2);
    
    SELECT PrecioUnit 
    INTO F_PrecioUnitario
    FROM Producto
    WHERE ID_Producto = rID_Producto;
    
    RETURN F_PrecioUnitario * CAST(rCantidad AS DECIMAL(5, 2));
END ;;
DELIMITER ;
/*!50003 SET sql_mode              = @saved_sql_mode */ ;
/*!50003 SET character_set_client  = @saved_cs_client */ ;
/*!50003 SET character_set_results = @saved_cs_results */ ;
/*!50003 SET collation_connection  = @saved_col_connection */ ;
/*!50003 DROP FUNCTION IF EXISTS `calcularSubTotalOPGravada` */;
/*!50003 SET @saved_cs_client      = @@character_set_client */ ;
/*!50003 SET @saved_cs_results     = @@character_set_results */ ;
/*!50003 SET @saved_col_connection = @@collation_connection */ ;
/*!50003 SET character_set_client  = utf8mb4 */ ;
/*!50003 SET character_set_results = utf8mb4 */ ;
/*!50003 SET collation_connection  = utf8mb4_0900_ai_ci */ ;
/*!50003 SET @saved_sql_mode       = @@sql_mode */ ;
/*!50003 SET sql_mode              = 'ONLY_FULL_GROUP_BY,STRICT_TRANS_TABLES,NO_ZERO_IN_DATE,NO_ZERO_DATE,ERROR_FOR_DIVISION_BY_ZERO,NO_ENGINE_SUBSTITUTION' */ ;
DELIMITER ;;
CREATE DEFINER=`root`@`localhost` FUNCTION `calcularSubTotalOPGravada`(rID_BoletaCabecera INT) RETURNS decimal(5,2)
    DETERMINISTIC
BEGIN
	DECLARE F_SubTotalOPGravada DECIMAL(5, 2);
    
    SELECT SUM(d.PrecioTotalXProducto) 
    INTO F_SubTotalOPGravada
    FROM DetalleBoleta d
    INNER JOIN Producto p ON d.ID_Producto = p.ID_Producto
    WHERE p.ID_TipoOP = 2 AND d.ID_BoletaCabecera = rID_BoletaCabecera;
    
    RETURN F_SubTotalOPGravada;
END ;;
DELIMITER ;
/*!50003 SET sql_mode              = @saved_sql_mode */ ;
/*!50003 SET character_set_client  = @saved_cs_client */ ;
/*!50003 SET character_set_results = @saved_cs_results */ ;
/*!50003 SET collation_connection  = @saved_col_connection */ ;
/*!50003 DROP FUNCTION IF EXISTS `calcularSubTotalOPInafecta` */;
/*!50003 SET @saved_cs_client      = @@character_set_client */ ;
/*!50003 SET @saved_cs_results     = @@character_set_results */ ;
/*!50003 SET @saved_col_connection = @@collation_connection */ ;
/*!50003 SET character_set_client  = utf8mb4 */ ;
/*!50003 SET character_set_results = utf8mb4 */ ;
/*!50003 SET collation_connection  = utf8mb4_0900_ai_ci */ ;
/*!50003 SET @saved_sql_mode       = @@sql_mode */ ;
/*!50003 SET sql_mode              = 'ONLY_FULL_GROUP_BY,STRICT_TRANS_TABLES,NO_ZERO_IN_DATE,NO_ZERO_DATE,ERROR_FOR_DIVISION_BY_ZERO,NO_ENGINE_SUBSTITUTION' */ ;
DELIMITER ;;
CREATE DEFINER=`root`@`localhost` FUNCTION `calcularSubTotalOPInafecta`(rID_BoletaCabecera INT) RETURNS decimal(5,2)
    DETERMINISTIC
BEGIN
	DECLARE F_SubTotalOPInafecta DECIMAL(5, 2);
    
    SELECT SUM(d.PrecioTotalXProducto) 
    INTO F_SubTotalOPInafecta
    FROM DetalleBoleta d
    INNER JOIN Producto p ON d.ID_Producto = p.ID_Producto
    WHERE p.ID_TipoOP = 1 AND d.ID_BoletaCabecera = rID_BoletaCabecera;
    
    RETURN F_SubTotalOPInafecta;
END ;;
DELIMITER ;
/*!50003 SET sql_mode              = @saved_sql_mode */ ;
/*!50003 SET character_set_client  = @saved_cs_client */ ;
/*!50003 SET character_set_results = @saved_cs_results */ ;
/*!50003 SET collation_connection  = @saved_col_connection */ ;
/*!50003 DROP FUNCTION IF EXISTS `calcularTotal` */;
/*!50003 SET @saved_cs_client      = @@character_set_client */ ;
/*!50003 SET @saved_cs_results     = @@character_set_results */ ;
/*!50003 SET @saved_col_connection = @@collation_connection */ ;
/*!50003 SET character_set_client  = utf8mb4 */ ;
/*!50003 SET character_set_results = utf8mb4 */ ;
/*!50003 SET collation_connection  = utf8mb4_0900_ai_ci */ ;
/*!50003 SET @saved_sql_mode       = @@sql_mode */ ;
/*!50003 SET sql_mode              = 'ONLY_FULL_GROUP_BY,STRICT_TRANS_TABLES,NO_ZERO_IN_DATE,NO_ZERO_DATE,ERROR_FOR_DIVISION_BY_ZERO,NO_ENGINE_SUBSTITUTION' */ ;
DELIMITER ;;
CREATE DEFINER=`root`@`localhost` FUNCTION `calcularTotal`(rID_BoletaCabecera INT) RETURNS decimal(5,2)
    DETERMINISTIC
BEGIN
	DECLARE F_Total DECIMAL(5, 2);
    
    SELECT TotalOPInafecta + TotalOPGravada + IGV
    INTO F_Total
    FROM BoletaCabecera 
    WHERE ID_BoletaCabecera = rID_BoletaCabecera;
    
    RETURN F_Total;
END ;;
DELIMITER ;
/*!50003 SET sql_mode              = @saved_sql_mode */ ;
/*!50003 SET character_set_client  = @saved_cs_client */ ;
/*!50003 SET character_set_results = @saved_cs_results */ ;
/*!50003 SET collation_connection  = @saved_col_connection */ ;
/*!50003 DROP FUNCTION IF EXISTS `devolverDiaInicial` */;
/*!50003 SET @saved_cs_client      = @@character_set_client */ ;
/*!50003 SET @saved_cs_results     = @@character_set_results */ ;
/*!50003 SET @saved_col_connection = @@collation_connection */ ;
/*!50003 SET character_set_client  = utf8mb4 */ ;
/*!50003 SET character_set_results = utf8mb4 */ ;
/*!50003 SET collation_connection  = utf8mb4_0900_ai_ci */ ;
/*!50003 SET @saved_sql_mode       = @@sql_mode */ ;
/*!50003 SET sql_mode              = 'ONLY_FULL_GROUP_BY,STRICT_TRANS_TABLES,NO_ZERO_IN_DATE,NO_ZERO_DATE,ERROR_FOR_DIVISION_BY_ZERO,NO_ENGINE_SUBSTITUTION' */ ;
DELIMITER ;;
CREATE DEFINER=`root`@`localhost` FUNCTION `devolverDiaInicial`(rID_FP INT) RETURNS timestamp
    DETERMINISTIC
BEGIN
	DECLARE F_DiaInicial TIMESTAMP;
	
    SELECT DATE_SUB(CURRENT_DATE, INTERVAL devolverDias(rID_FP) DAY)
    INTO F_DiaInicial;
    
    RETURN F_DiaInicial;
END ;;
DELIMITER ;
/*!50003 SET sql_mode              = @saved_sql_mode */ ;
/*!50003 SET character_set_client  = @saved_cs_client */ ;
/*!50003 SET character_set_results = @saved_cs_results */ ;
/*!50003 SET collation_connection  = @saved_col_connection */ ;
/*!50003 DROP FUNCTION IF EXISTS `devolverDias` */;
/*!50003 SET @saved_cs_client      = @@character_set_client */ ;
/*!50003 SET @saved_cs_results     = @@character_set_results */ ;
/*!50003 SET @saved_col_connection = @@collation_connection */ ;
/*!50003 SET character_set_client  = utf8mb4 */ ;
/*!50003 SET character_set_results = utf8mb4 */ ;
/*!50003 SET collation_connection  = utf8mb4_0900_ai_ci */ ;
/*!50003 SET @saved_sql_mode       = @@sql_mode */ ;
/*!50003 SET sql_mode              = 'ONLY_FULL_GROUP_BY,STRICT_TRANS_TABLES,NO_ZERO_IN_DATE,NO_ZERO_DATE,ERROR_FOR_DIVISION_BY_ZERO,NO_ENGINE_SUBSTITUTION' */ ;
DELIMITER ;;
CREATE DEFINER=`root`@`localhost` FUNCTION `devolverDias`(rID_FP INT) RETURNS decimal(5,2)
    DETERMINISTIC
BEGIN
	DECLARE F_Dias DECIMAL(5, 2);
    
	SELECT IF(rID_FP = 2, 7.0, IF(rID_FP = 3, 15.0, IF(rID_FP = 4, 30.0, 1.0))) 
    INTO F_Dias;
    
    return F_Dias;
END ;;
DELIMITER ;
/*!50003 SET sql_mode              = @saved_sql_mode */ ;
/*!50003 SET character_set_client  = @saved_cs_client */ ;
/*!50003 SET character_set_results = @saved_cs_results */ ;
/*!50003 SET collation_connection  = @saved_col_connection */ ;
/*!50003 DROP FUNCTION IF EXISTS `devolverProporcion` */;
/*!50003 SET @saved_cs_client      = @@character_set_client */ ;
/*!50003 SET @saved_cs_results     = @@character_set_results */ ;
/*!50003 SET @saved_col_connection = @@collation_connection */ ;
/*!50003 SET character_set_client  = utf8mb4 */ ;
/*!50003 SET character_set_results = utf8mb4 */ ;
/*!50003 SET collation_connection  = utf8mb4_0900_ai_ci */ ;
/*!50003 SET @saved_sql_mode       = @@sql_mode */ ;
/*!50003 SET sql_mode              = 'ONLY_FULL_GROUP_BY,STRICT_TRANS_TABLES,NO_ZERO_IN_DATE,NO_ZERO_DATE,ERROR_FOR_DIVISION_BY_ZERO,NO_ENGINE_SUBSTITUTION' */ ;
DELIMITER ;;
CREATE DEFINER=`root`@`localhost` FUNCTION `devolverProporcion`(rFecha TIMESTAMP, rID_FP INT) RETURNS decimal(5,2)
    DETERMINISTIC
BEGIN
	DECLARE F_Proporcion DECIMAL(5, 2);
	
    SELECT (TO_DAYS(CURRENT_DATE) - TO_DAYS(rFecha)) / devolverDias(rID_FP)
    INTO F_Proporcion;
    
    RETURN F_Proporcion;
END ;;
DELIMITER ;
/*!50003 SET sql_mode              = @saved_sql_mode */ ;
/*!50003 SET character_set_client  = @saved_cs_client */ ;
/*!50003 SET character_set_results = @saved_cs_results */ ;
/*!50003 SET collation_connection  = @saved_col_connection */ ;
/*!50003 DROP FUNCTION IF EXISTS `retornaIDCajero` */;
/*!50003 SET @saved_cs_client      = @@character_set_client */ ;
/*!50003 SET @saved_cs_results     = @@character_set_results */ ;
/*!50003 SET @saved_col_connection = @@collation_connection */ ;
/*!50003 SET character_set_client  = utf8mb4 */ ;
/*!50003 SET character_set_results = utf8mb4 */ ;
/*!50003 SET collation_connection  = utf8mb4_0900_ai_ci */ ;
/*!50003 SET @saved_sql_mode       = @@sql_mode */ ;
/*!50003 SET sql_mode              = 'ONLY_FULL_GROUP_BY,STRICT_TRANS_TABLES,NO_ZERO_IN_DATE,NO_ZERO_DATE,ERROR_FOR_DIVISION_BY_ZERO,NO_ENGINE_SUBSTITUTION' */ ;
DELIMITER ;;
CREATE DEFINER=`root`@`localhost` FUNCTION `retornaIDCajero`(rUsuario VARCHAR(50), rContrasena VARCHAR(50)) RETURNS int
    DETERMINISTIC
BEGIN
	DECLARE F_ID_Cajero INT;
    
    SELECT ID_Cajero
    INTO F_ID_Cajero
    FROM Cajero
    WHERE Usuario = rUsuario AND Contrasena = rContrasena;
	
    RETURN IF(F_ID_Cajero IS NOT NULL, F_ID_Cajero, 0);
END ;;
DELIMITER ;
/*!50003 SET sql_mode              = @saved_sql_mode */ ;
/*!50003 SET character_set_client  = @saved_cs_client */ ;
/*!50003 SET character_set_results = @saved_cs_results */ ;
/*!50003 SET collation_connection  = @saved_col_connection */ ;
/*!50003 DROP FUNCTION IF EXISTS `retornarIDProducto` */;
/*!50003 SET @saved_cs_client      = @@character_set_client */ ;
/*!50003 SET @saved_cs_results     = @@character_set_results */ ;
/*!50003 SET @saved_col_connection = @@collation_connection */ ;
/*!50003 SET character_set_client  = utf8mb4 */ ;
/*!50003 SET character_set_results = utf8mb4 */ ;
/*!50003 SET collation_connection  = utf8mb4_0900_ai_ci */ ;
/*!50003 SET @saved_sql_mode       = @@sql_mode */ ;
/*!50003 SET sql_mode              = 'ONLY_FULL_GROUP_BY,STRICT_TRANS_TABLES,NO_ZERO_IN_DATE,NO_ZERO_DATE,ERROR_FOR_DIVISION_BY_ZERO,NO_ENGINE_SUBSTITUTION' */ ;
DELIMITER ;;
CREATE DEFINER=`root`@`localhost` FUNCTION `retornarIDProducto`(nombreCompleto VARCHAR(255)) RETURNS int
    DETERMINISTIC
BEGIN
	DECLARE F_IDProducto INT;
    
    SELECT ID_Producto
    INTO F_IDProducto
    FROM Producto
    WHERE Nombre = nombreCompleto;
    
    RETURN F_IDProducto;
END ;;
DELIMITER ;
/*!50003 SET sql_mode              = @saved_sql_mode */ ;
/*!50003 SET character_set_client  = @saved_cs_client */ ;
/*!50003 SET character_set_results = @saved_cs_results */ ;
/*!50003 SET collation_connection  = @saved_col_connection */ ;
/*!50003 DROP FUNCTION IF EXISTS `retornaUltimoIDKardex` */;
/*!50003 SET @saved_cs_client      = @@character_set_client */ ;
/*!50003 SET @saved_cs_results     = @@character_set_results */ ;
/*!50003 SET @saved_col_connection = @@collation_connection */ ;
/*!50003 SET character_set_client  = utf8mb4 */ ;
/*!50003 SET character_set_results = utf8mb4 */ ;
/*!50003 SET collation_connection  = utf8mb4_0900_ai_ci */ ;
/*!50003 SET @saved_sql_mode       = @@sql_mode */ ;
/*!50003 SET sql_mode              = 'ONLY_FULL_GROUP_BY,STRICT_TRANS_TABLES,NO_ZERO_IN_DATE,NO_ZERO_DATE,ERROR_FOR_DIVISION_BY_ZERO,NO_ENGINE_SUBSTITUTION' */ ;
DELIMITER ;;
CREATE DEFINER=`root`@`localhost` FUNCTION `retornaUltimoIDKardex`() RETURNS int
    DETERMINISTIC
BEGIN
	DECLARE F_ID_Kardex INT;
    
    SELECT MAX(ID_Kardex)
    INTO F_ID_Kardex
    FROM Kardex;
	
    RETURN F_ID_Kardex;
END ;;
DELIMITER ;
/*!50003 SET sql_mode              = @saved_sql_mode */ ;
/*!50003 SET character_set_client  = @saved_cs_client */ ;
/*!50003 SET character_set_results = @saved_cs_results */ ;
/*!50003 SET collation_connection  = @saved_col_connection */ ;
/*!50003 DROP FUNCTION IF EXISTS `verificarDeuda` */;
/*!50003 SET @saved_cs_client      = @@character_set_client */ ;
/*!50003 SET @saved_cs_results     = @@character_set_results */ ;
/*!50003 SET @saved_col_connection = @@collation_connection */ ;
/*!50003 SET character_set_client  = utf8mb4 */ ;
/*!50003 SET character_set_results = utf8mb4 */ ;
/*!50003 SET collation_connection  = utf8mb4_0900_ai_ci */ ;
/*!50003 SET @saved_sql_mode       = @@sql_mode */ ;
/*!50003 SET sql_mode              = 'ONLY_FULL_GROUP_BY,STRICT_TRANS_TABLES,NO_ZERO_IN_DATE,NO_ZERO_DATE,ERROR_FOR_DIVISION_BY_ZERO,NO_ENGINE_SUBSTITUTION' */ ;
DELIMITER ;;
CREATE DEFINER=`root`@`localhost` FUNCTION `verificarDeuda`(rID_Cancelo INT, rFecha TIMESTAMP, rID_FP INT) RETURNS int
    DETERMINISTIC
BEGIN
	DECLARE F_Booleano INT;
    
    SELECT IF(rID_Cancelo = 1, IF(devolverProporcion(rFecha, rID_FP) > 1, 1, 0), 0)
    INTO F_Booleano;
    
    RETURN F_Booleano;
END ;;
DELIMITER ;
/*!50003 SET sql_mode              = @saved_sql_mode */ ;
/*!50003 SET character_set_client  = @saved_cs_client */ ;
/*!50003 SET character_set_results = @saved_cs_results */ ;
/*!50003 SET collation_connection  = @saved_col_connection */ ;
/*!50003 DROP FUNCTION IF EXISTS `verificarProcede` */;
/*!50003 SET @saved_cs_client      = @@character_set_client */ ;
/*!50003 SET @saved_cs_results     = @@character_set_results */ ;
/*!50003 SET @saved_col_connection = @@collation_connection */ ;
/*!50003 SET character_set_client  = utf8mb4 */ ;
/*!50003 SET character_set_results = utf8mb4 */ ;
/*!50003 SET collation_connection  = utf8mb4_0900_ai_ci */ ;
/*!50003 SET @saved_sql_mode       = @@sql_mode */ ;
/*!50003 SET sql_mode              = 'ONLY_FULL_GROUP_BY,STRICT_TRANS_TABLES,NO_ZERO_IN_DATE,NO_ZERO_DATE,ERROR_FOR_DIVISION_BY_ZERO,NO_ENGINE_SUBSTITUTION' */ ;
DELIMITER ;;
CREATE DEFINER=`root`@`localhost` FUNCTION `verificarProcede`(rID_Cliente INT) RETURNS int
    DETERMINISTIC
BEGIN
	DECLARE F_Procede INT;
    
    SELECT SUM(verificarDeuda(b.ID_Cancelo, b.Fecha, c.ID_FP))
    INTO F_Procede
	FROM BoletaCabecera b
	JOIN Cliente c ON b.ID_Cliente = c.ID_Cliente
	WHERE b.ID_Cliente = rID_Cliente;
    
    RETURN F_Procede;
END ;;
DELIMITER ;
/*!50003 SET sql_mode              = @saved_sql_mode */ ;
/*!50003 SET character_set_client  = @saved_cs_client */ ;
/*!50003 SET character_set_results = @saved_cs_results */ ;
/*!50003 SET collation_connection  = @saved_col_connection */ ;
/*!50003 DROP PROCEDURE IF EXISTS `devolverClientes` */;
/*!50003 SET @saved_cs_client      = @@character_set_client */ ;
/*!50003 SET @saved_cs_results     = @@character_set_results */ ;
/*!50003 SET @saved_col_connection = @@collation_connection */ ;
/*!50003 SET character_set_client  = utf8mb4 */ ;
/*!50003 SET character_set_results = utf8mb4 */ ;
/*!50003 SET collation_connection  = utf8mb4_0900_ai_ci */ ;
/*!50003 SET @saved_sql_mode       = @@sql_mode */ ;
/*!50003 SET sql_mode              = 'ONLY_FULL_GROUP_BY,STRICT_TRANS_TABLES,NO_ZERO_IN_DATE,NO_ZERO_DATE,ERROR_FOR_DIVISION_BY_ZERO,NO_ENGINE_SUBSTITUTION' */ ;
DELIMITER ;;
CREATE DEFINER=`root`@`localhost` PROCEDURE `devolverClientes`(escrito VARCHAR(255))
BEGIN
	SELECT CONCAT(Nombre, ' ', PrimerApellido, ' ', SegundoApellido)
    FROM Cliente
    WHERE CONCAT(Nombre, ' ', PrimerApellido, ' ', SegundoApellido) LIKE CONCAT('%', escrito, '%');
END ;;
DELIMITER ;
/*!50003 SET sql_mode              = @saved_sql_mode */ ;
/*!50003 SET character_set_client  = @saved_cs_client */ ;
/*!50003 SET character_set_results = @saved_cs_results */ ;
/*!50003 SET collation_connection  = @saved_col_connection */ ;
/*!50003 DROP PROCEDURE IF EXISTS `devolverProductos` */;
/*!50003 SET @saved_cs_client      = @@character_set_client */ ;
/*!50003 SET @saved_cs_results     = @@character_set_results */ ;
/*!50003 SET @saved_col_connection = @@collation_connection */ ;
/*!50003 SET character_set_client  = utf8mb4 */ ;
/*!50003 SET character_set_results = utf8mb4 */ ;
/*!50003 SET collation_connection  = utf8mb4_0900_ai_ci */ ;
/*!50003 SET @saved_sql_mode       = @@sql_mode */ ;
/*!50003 SET sql_mode              = 'ONLY_FULL_GROUP_BY,STRICT_TRANS_TABLES,NO_ZERO_IN_DATE,NO_ZERO_DATE,ERROR_FOR_DIVISION_BY_ZERO,NO_ENGINE_SUBSTITUTION' */ ;
DELIMITER ;;
CREATE DEFINER=`root`@`localhost` PROCEDURE `devolverProductos`(escrito VARCHAR(255))
BEGIN
	SELECT Nombre, PrecioUnit, ID_Producto, StockActual
    FROM Producto
    WHERE Nombre LIKE CONCAT('%', escrito, '%');
END ;;
DELIMITER ;
/*!50003 SET sql_mode              = @saved_sql_mode */ ;
/*!50003 SET character_set_client  = @saved_cs_client */ ;
/*!50003 SET character_set_results = @saved_cs_results */ ;
/*!50003 SET collation_connection  = @saved_col_connection */ ;
/*!50003 DROP PROCEDURE IF EXISTS `eliminarBoletaCabecera` */;
/*!50003 SET @saved_cs_client      = @@character_set_client */ ;
/*!50003 SET @saved_cs_results     = @@character_set_results */ ;
/*!50003 SET @saved_col_connection = @@collation_connection */ ;
/*!50003 SET character_set_client  = utf8mb4 */ ;
/*!50003 SET character_set_results = utf8mb4 */ ;
/*!50003 SET collation_connection  = utf8mb4_0900_ai_ci */ ;
/*!50003 SET @saved_sql_mode       = @@sql_mode */ ;
/*!50003 SET sql_mode              = 'ONLY_FULL_GROUP_BY,STRICT_TRANS_TABLES,NO_ZERO_IN_DATE,NO_ZERO_DATE,ERROR_FOR_DIVISION_BY_ZERO,NO_ENGINE_SUBSTITUTION' */ ;
DELIMITER ;;
CREATE DEFINER=`root`@`localhost` PROCEDURE `eliminarBoletaCabecera`(IN rID_BoletaCabecera INT)
BEGIN
    SET FOREIGN_KEY_CHECKS = 0;

	DELETE FROM BoletaCabecera
    WHERE ID_BoletaCabecera = rID_BoletaCabecera;
    
    SET FOREIGN_KEY_CHECKS = 1;
    COMMIT;
END ;;
DELIMITER ;
/*!50003 SET sql_mode              = @saved_sql_mode */ ;
/*!50003 SET character_set_client  = @saved_cs_client */ ;
/*!50003 SET character_set_results = @saved_cs_results */ ;
/*!50003 SET collation_connection  = @saved_col_connection */ ;
/*!50003 DROP PROCEDURE IF EXISTS `eliminarProducto` */;
/*!50003 SET @saved_cs_client      = @@character_set_client */ ;
/*!50003 SET @saved_cs_results     = @@character_set_results */ ;
/*!50003 SET @saved_col_connection = @@collation_connection */ ;
/*!50003 SET character_set_client  = utf8mb4 */ ;
/*!50003 SET character_set_results = utf8mb4 */ ;
/*!50003 SET collation_connection  = utf8mb4_0900_ai_ci */ ;
/*!50003 SET @saved_sql_mode       = @@sql_mode */ ;
/*!50003 SET sql_mode              = 'ONLY_FULL_GROUP_BY,STRICT_TRANS_TABLES,NO_ZERO_IN_DATE,NO_ZERO_DATE,ERROR_FOR_DIVISION_BY_ZERO,NO_ENGINE_SUBSTITUTION' */ ;
DELIMITER ;;
CREATE DEFINER=`root`@`localhost` PROCEDURE `eliminarProducto`(IN rID_Producto INT, IN rID_BoletaCabecera INT)
BEGIN
    SET FOREIGN_KEY_CHECKS = 0;
    
    DELETE FROM DetalleBoleta
    WHERE ID_Producto = rID_Producto AND ID_BoletaCabecera = rID_BoletaCabecera;
    SET FOREIGN_KEY_CHECKS = 1;
    COMMIT;
END ;;
DELIMITER ;
/*!50003 SET sql_mode              = @saved_sql_mode */ ;
/*!50003 SET character_set_client  = @saved_cs_client */ ;
/*!50003 SET character_set_results = @saved_cs_results */ ;
/*!50003 SET collation_connection  = @saved_col_connection */ ;
/*!50003 DROP PROCEDURE IF EXISTS `ingresoProducto` */;
/*!50003 SET @saved_cs_client      = @@character_set_client */ ;
/*!50003 SET @saved_cs_results     = @@character_set_results */ ;
/*!50003 SET @saved_col_connection = @@collation_connection */ ;
/*!50003 SET character_set_client  = utf8mb4 */ ;
/*!50003 SET character_set_results = utf8mb4 */ ;
/*!50003 SET collation_connection  = utf8mb4_0900_ai_ci */ ;
/*!50003 SET @saved_sql_mode       = @@sql_mode */ ;
/*!50003 SET sql_mode              = 'ONLY_FULL_GROUP_BY,STRICT_TRANS_TABLES,NO_ZERO_IN_DATE,NO_ZERO_DATE,ERROR_FOR_DIVISION_BY_ZERO,NO_ENGINE_SUBSTITUTION' */ ;
DELIMITER ;;
CREATE DEFINER=`root`@`localhost` PROCEDURE `ingresoProducto`(
    IN rNombre VARCHAR(255),
	IN rCantidad INT,
    IN rCosto DECIMAL(5, 2)
)
BEGIN
	INSERT INTO Kardex(Fecha, Cantidad, Precio, ID_Movimiento, ID_Producto) VALUES
		(CURRENT_DATE, rCantidad, rCosto, 1, retornarIDProducto(rNombre));
	COMMIT;
    
    UPDATE Producto
    SET StockActual = StockActual + rCantidad
    WHERE ID_Producto = retornarIDProducto(rNombre);
    COMMIT;
END ;;
DELIMITER ;
/*!50003 SET sql_mode              = @saved_sql_mode */ ;
/*!50003 SET character_set_client  = @saved_cs_client */ ;
/*!50003 SET character_set_results = @saved_cs_results */ ;
/*!50003 SET collation_connection  = @saved_col_connection */ ;
/*!50003 DROP PROCEDURE IF EXISTS `pagarDeuda` */;
/*!50003 SET @saved_cs_client      = @@character_set_client */ ;
/*!50003 SET @saved_cs_results     = @@character_set_results */ ;
/*!50003 SET @saved_col_connection = @@collation_connection */ ;
/*!50003 SET character_set_client  = utf8mb4 */ ;
/*!50003 SET character_set_results = utf8mb4 */ ;
/*!50003 SET collation_connection  = utf8mb4_0900_ai_ci */ ;
/*!50003 SET @saved_sql_mode       = @@sql_mode */ ;
/*!50003 SET sql_mode              = 'ONLY_FULL_GROUP_BY,STRICT_TRANS_TABLES,NO_ZERO_IN_DATE,NO_ZERO_DATE,ERROR_FOR_DIVISION_BY_ZERO,NO_ENGINE_SUBSTITUTION' */ ;
DELIMITER ;;
CREATE DEFINER=`root`@`localhost` PROCEDURE `pagarDeuda`(
	IN rID_BoletaCabecera INT
)
BEGIN 
	UPDATE BoletaCabecera
    SET ID_Cancelo = NULL, Fecha = CURRENT_DATE
    WHERE ID_BoletaCabecera = rID_BoletaCabecera;
    COMMIT;
END ;;
DELIMITER ;
/*!50003 SET sql_mode              = @saved_sql_mode */ ;
/*!50003 SET character_set_client  = @saved_cs_client */ ;
/*!50003 SET character_set_results = @saved_cs_results */ ;
/*!50003 SET collation_connection  = @saved_col_connection */ ;
/*!50003 DROP PROCEDURE IF EXISTS `primeraVezBoletaCabecera` */;
/*!50003 SET @saved_cs_client      = @@character_set_client */ ;
/*!50003 SET @saved_cs_results     = @@character_set_results */ ;
/*!50003 SET @saved_col_connection = @@collation_connection */ ;
/*!50003 SET character_set_client  = utf8mb4 */ ;
/*!50003 SET character_set_results = utf8mb4 */ ;
/*!50003 SET collation_connection  = utf8mb4_0900_ai_ci */ ;
/*!50003 SET @saved_sql_mode       = @@sql_mode */ ;
/*!50003 SET sql_mode              = 'ONLY_FULL_GROUP_BY,STRICT_TRANS_TABLES,NO_ZERO_IN_DATE,NO_ZERO_DATE,ERROR_FOR_DIVISION_BY_ZERO,NO_ENGINE_SUBSTITUTION' */ ;
DELIMITER ;;
CREATE DEFINER=`root`@`localhost` PROCEDURE `primeraVezBoletaCabecera`()
BEGIN 
	INSERT INTO BoletaCabecera(Fecha, TotalOPInafecta, TotalOPGravada, IGV, Total, ID_Cliente, ID_Cajero, ID_TipoPago, ID_Cancelo)
    VALUES (CURRENT_TIMESTAMP, 0, 0, 0, 0, 1, 1, 1, 1);
    COMMIT;
    
    SELECT MAX(ID_BoletaCabecera) 
    FROM BoletaCabecera;    
END ;;
DELIMITER ;
/*!50003 SET sql_mode              = @saved_sql_mode */ ;
/*!50003 SET character_set_client  = @saved_cs_client */ ;
/*!50003 SET character_set_results = @saved_cs_results */ ;
/*!50003 SET collation_connection  = @saved_col_connection */ ;
/*!50003 DROP PROCEDURE IF EXISTS `registrarCajero` */;
/*!50003 SET @saved_cs_client      = @@character_set_client */ ;
/*!50003 SET @saved_cs_results     = @@character_set_results */ ;
/*!50003 SET @saved_col_connection = @@collation_connection */ ;
/*!50003 SET character_set_client  = utf8mb4 */ ;
/*!50003 SET character_set_results = utf8mb4 */ ;
/*!50003 SET collation_connection  = utf8mb4_0900_ai_ci */ ;
/*!50003 SET @saved_sql_mode       = @@sql_mode */ ;
/*!50003 SET sql_mode              = 'ONLY_FULL_GROUP_BY,STRICT_TRANS_TABLES,NO_ZERO_IN_DATE,NO_ZERO_DATE,ERROR_FOR_DIVISION_BY_ZERO,NO_ENGINE_SUBSTITUTION' */ ;
DELIMITER ;;
CREATE DEFINER=`root`@`localhost` PROCEDURE `registrarCajero`(
	IN rNombre VARCHAR(20),
    IN rApellido VARCHAR(30),
    IN rDNI VARCHAR(8),
    IN rUsuario VARCHAR(50),
    IN rContrasena VARCHAR(50)
)
BEGIN 
	INSERT INTO Cajero(Nombre, Apellido, DNI, Usuario, Contrasena) 
    VALUES (rNombre, rApellido, rDNI, rUsuario, rContrasena);
    COMMIT;
END ;;
DELIMITER ;
/*!50003 SET sql_mode              = @saved_sql_mode */ ;
/*!50003 SET character_set_client  = @saved_cs_client */ ;
/*!50003 SET character_set_results = @saved_cs_results */ ;
/*!50003 SET collation_connection  = @saved_col_connection */ ;
/*!50003 DROP PROCEDURE IF EXISTS `registrarCliente` */;
/*!50003 SET @saved_cs_client      = @@character_set_client */ ;
/*!50003 SET @saved_cs_results     = @@character_set_results */ ;
/*!50003 SET @saved_col_connection = @@collation_connection */ ;
/*!50003 SET character_set_client  = utf8mb4 */ ;
/*!50003 SET character_set_results = utf8mb4 */ ;
/*!50003 SET collation_connection  = utf8mb4_0900_ai_ci */ ;
/*!50003 SET @saved_sql_mode       = @@sql_mode */ ;
/*!50003 SET sql_mode              = 'ONLY_FULL_GROUP_BY,STRICT_TRANS_TABLES,NO_ZERO_IN_DATE,NO_ZERO_DATE,ERROR_FOR_DIVISION_BY_ZERO,NO_ENGINE_SUBSTITUTION' */ ;
DELIMITER ;;
CREATE DEFINER=`root`@`localhost` PROCEDURE `registrarCliente`(
	IN rDNI VARCHAR(20),
    IN rNombre VARCHAR(15),
    IN rPrimerApellido VARCHAR(20),
    IN rSegundoApellido VARCHAR(30),
    IN rTelefono INT,
    IN rDireccion VARCHAR(150),
    IN rID_FP INT
)
BEGIN
	INSERT INTO Cliente(DNI, Nombre, PrimerApellido, SegundoApellido, Telefono, Direccion, ID_FP)
    VALUES (rDNI, rNombre, rPrimerApellido, rSegundoApellido, rTelefono, rDireccion, rID_FP);
    COMMIT;
END ;;
DELIMITER ;
/*!50003 SET sql_mode              = @saved_sql_mode */ ;
/*!50003 SET character_set_client  = @saved_cs_client */ ;
/*!50003 SET character_set_results = @saved_cs_results */ ;
/*!50003 SET collation_connection  = @saved_col_connection */ ;
/*!50003 DROP PROCEDURE IF EXISTS `registrarKardex` */;
/*!50003 SET @saved_cs_client      = @@character_set_client */ ;
/*!50003 SET @saved_cs_results     = @@character_set_results */ ;
/*!50003 SET @saved_col_connection = @@collation_connection */ ;
/*!50003 SET character_set_client  = utf8mb4 */ ;
/*!50003 SET character_set_results = utf8mb4 */ ;
/*!50003 SET collation_connection  = utf8mb4_0900_ai_ci */ ;
/*!50003 SET @saved_sql_mode       = @@sql_mode */ ;
/*!50003 SET sql_mode              = 'ONLY_FULL_GROUP_BY,STRICT_TRANS_TABLES,NO_ZERO_IN_DATE,NO_ZERO_DATE,ERROR_FOR_DIVISION_BY_ZERO,NO_ENGINE_SUBSTITUTION' */ ;
DELIMITER ;;
CREATE DEFINER=`root`@`localhost` PROCEDURE `registrarKardex`(IN rNombre VARCHAR(255))
BEGIN
	INSERT INTO Kardex(Fecha, Cantidad, Precio, ID_Movimiento, ID_Producto)
    VALUES (NULL, NULL, NULL, 2, retornarIDProducto(rNombre));
    COMMIT;
END ;;
DELIMITER ;
/*!50003 SET sql_mode              = @saved_sql_mode */ ;
/*!50003 SET character_set_client  = @saved_cs_client */ ;
/*!50003 SET character_set_results = @saved_cs_results */ ;
/*!50003 SET collation_connection  = @saved_col_connection */ ;
/*!50003 DROP PROCEDURE IF EXISTS `registrarNuevoProducto` */;
/*!50003 SET @saved_cs_client      = @@character_set_client */ ;
/*!50003 SET @saved_cs_results     = @@character_set_results */ ;
/*!50003 SET @saved_col_connection = @@collation_connection */ ;
/*!50003 SET character_set_client  = utf8mb4 */ ;
/*!50003 SET character_set_results = utf8mb4 */ ;
/*!50003 SET collation_connection  = utf8mb4_0900_ai_ci */ ;
/*!50003 SET @saved_sql_mode       = @@sql_mode */ ;
/*!50003 SET sql_mode              = 'ONLY_FULL_GROUP_BY,STRICT_TRANS_TABLES,NO_ZERO_IN_DATE,NO_ZERO_DATE,ERROR_FOR_DIVISION_BY_ZERO,NO_ENGINE_SUBSTITUTION' */ ;
DELIMITER ;;
CREATE DEFINER=`root`@`localhost` PROCEDURE `registrarNuevoProducto`(
	IN rNombre VARCHAR(255),
	IN StockActual INT,
    IN rPrecioUnitario DECIMAL(5, 2),
    IN rID_TipoOP INT
)
BEGIN
	INSERT INTO Producto(Nombre, StockActual, PrecioUnit, ID_TipoOP) VALUES
		(rNombre, StockActual, rPrecioUnitario, rID_TipoOP);
    COMMIT;
END ;;
DELIMITER ;
/*!50003 SET sql_mode              = @saved_sql_mode */ ;
/*!50003 SET character_set_client  = @saved_cs_client */ ;
/*!50003 SET character_set_results = @saved_cs_results */ ;
/*!50003 SET collation_connection  = @saved_col_connection */ ;
/*!50003 DROP PROCEDURE IF EXISTS `registrarProducto` */;
/*!50003 SET @saved_cs_client      = @@character_set_client */ ;
/*!50003 SET @saved_cs_results     = @@character_set_results */ ;
/*!50003 SET @saved_col_connection = @@collation_connection */ ;
/*!50003 SET character_set_client  = utf8mb4 */ ;
/*!50003 SET character_set_results = utf8mb4 */ ;
/*!50003 SET collation_connection  = utf8mb4_0900_ai_ci */ ;
/*!50003 SET @saved_sql_mode       = @@sql_mode */ ;
/*!50003 SET sql_mode              = 'ONLY_FULL_GROUP_BY,STRICT_TRANS_TABLES,NO_ZERO_IN_DATE,NO_ZERO_DATE,ERROR_FOR_DIVISION_BY_ZERO,NO_ENGINE_SUBSTITUTION' */ ;
DELIMITER ;;
CREATE DEFINER=`root`@`localhost` PROCEDURE `registrarProducto`(
	IN rCantidad INT,
    IN rID_BoletaCabecera INT,
    IN rNombre VARCHAR(255)
)
BEGIN	
    SET FOREIGN_KEY_CHECKS = 0;     
	INSERT INTO DetalleBoleta(Cantidad, PrecioTotalXProducto, ID_BoletaCabecera, ID_Producto, ID_Kardex)
    VALUES (rCantidad, calcularPrecioTotalXProducto(rCantidad, retornarIDProducto(rNombre)), rID_BoletaCabecera, retornarIDProducto(rNombre), retornaUltimoIDKardex() + 1);
    COMMIT;
	
    SET FOREIGN_KEY_CHECKS = 1;     
END ;;
DELIMITER ;
/*!50003 SET sql_mode              = @saved_sql_mode */ ;
/*!50003 SET character_set_client  = @saved_cs_client */ ;
/*!50003 SET character_set_results = @saved_cs_results */ ;
/*!50003 SET collation_connection  = @saved_col_connection */ ;
/*!50003 DROP PROCEDURE IF EXISTS `retornaIDCliente` */;
/*!50003 SET @saved_cs_client      = @@character_set_client */ ;
/*!50003 SET @saved_cs_results     = @@character_set_results */ ;
/*!50003 SET @saved_col_connection = @@collation_connection */ ;
/*!50003 SET character_set_client  = utf8mb4 */ ;
/*!50003 SET character_set_results = utf8mb4 */ ;
/*!50003 SET collation_connection  = utf8mb4_0900_ai_ci */ ;
/*!50003 SET @saved_sql_mode       = @@sql_mode */ ;
/*!50003 SET sql_mode              = 'ONLY_FULL_GROUP_BY,STRICT_TRANS_TABLES,NO_ZERO_IN_DATE,NO_ZERO_DATE,ERROR_FOR_DIVISION_BY_ZERO,NO_ENGINE_SUBSTITUTION' */ ;
DELIMITER ;;
CREATE DEFINER=`root`@`localhost` PROCEDURE `retornaIDCliente`(nombreCompleto VARCHAR(255))
BEGIN
	SELECT ID_Cliente, ID_FP
    FROM Cliente
    WHERE nombreCompleto = CONCAT(Nombre, ' ', PrimerApellido, ' ', SegundoApellido);
END ;;
DELIMITER ;
/*!50003 SET sql_mode              = @saved_sql_mode */ ;
/*!50003 SET character_set_client  = @saved_cs_client */ ;
/*!50003 SET character_set_results = @saved_cs_results */ ;
/*!50003 SET collation_connection  = @saved_col_connection */ ;
/*!50003 DROP PROCEDURE IF EXISTS `retornarPagos` */;
/*!50003 SET @saved_cs_client      = @@character_set_client */ ;
/*!50003 SET @saved_cs_results     = @@character_set_results */ ;
/*!50003 SET @saved_col_connection = @@collation_connection */ ;
/*!50003 SET character_set_client  = utf8mb4 */ ;
/*!50003 SET character_set_results = utf8mb4 */ ;
/*!50003 SET collation_connection  = utf8mb4_0900_ai_ci */ ;
/*!50003 SET @saved_sql_mode       = @@sql_mode */ ;
/*!50003 SET sql_mode              = 'ONLY_FULL_GROUP_BY,STRICT_TRANS_TABLES,NO_ZERO_IN_DATE,NO_ZERO_DATE,ERROR_FOR_DIVISION_BY_ZERO,NO_ENGINE_SUBSTITUTION' */ ;
DELIMITER ;;
CREATE DEFINER=`root`@`localhost` PROCEDURE `retornarPagos`(
	IN rID_Cliente INT
)
BEGIN 
	SELECT b.ID_BoletaCabecera, b.Fecha, b.Total, verificarDeuda(b.ID_Cancelo, b.Fecha, c.ID_FP)
	FROM BoletaCabecera b
	INNER JOIN Cliente c ON b.ID_Cliente = c.ID_Cliente
	WHERE b.ID_Cliente = rID_Cliente;
END ;;
DELIMITER ;
/*!50003 SET sql_mode              = @saved_sql_mode */ ;
/*!50003 SET character_set_client  = @saved_cs_client */ ;
/*!50003 SET character_set_results = @saved_cs_results */ ;
/*!50003 SET collation_connection  = @saved_col_connection */ ;
/*!50003 DROP PROCEDURE IF EXISTS `segundaVezBoletaCabecera` */;
/*!50003 SET @saved_cs_client      = @@character_set_client */ ;
/*!50003 SET @saved_cs_results     = @@character_set_results */ ;
/*!50003 SET @saved_col_connection = @@collation_connection */ ;
/*!50003 SET character_set_client  = utf8mb4 */ ;
/*!50003 SET character_set_results = utf8mb4 */ ;
/*!50003 SET collation_connection  = utf8mb4_0900_ai_ci */ ;
/*!50003 SET @saved_sql_mode       = @@sql_mode */ ;
/*!50003 SET sql_mode              = 'ONLY_FULL_GROUP_BY,STRICT_TRANS_TABLES,NO_ZERO_IN_DATE,NO_ZERO_DATE,ERROR_FOR_DIVISION_BY_ZERO,NO_ENGINE_SUBSTITUTION' */ ;
DELIMITER ;;
CREATE DEFINER=`root`@`localhost` PROCEDURE `segundaVezBoletaCabecera`(IN rID_BoletaCabecera INT, IN rTotalOPInafecta DECIMAL(5, 2), IN rTotalOPGravada DECIMAL(5, 2), IN rID_Cliente INT, IN rID_Cajero INT, IN rID_TipoPago INT, IN rID_Cancelo INT)
BEGIN 
	UPDATE BoletaCabecera
    SET TotalOPInafecta = rTotalOPInafecta, TotalOPGravada = rTotalOPGravada, ID_Cliente = rID_Cliente, ID_Cajero = rID_Cajero, ID_TipoPago = rID_TipoPago, ID_Cancelo = rID_Cancelo
	WHERE ID_BoletaCabecera = rID_BoletaCabecera;
    COMMIT;   
    
    UPDATE BoletaCabecera
    SET IGV = calcularIGV(rID_BoletaCabecera), Total = calcularTotal(rID_BoletaCabecera)
    WHERE ID_BoletaCabecera = rID_BoletaCabecera;
    COMMIT;
END ;;
DELIMITER ;
/*!50003 SET sql_mode              = @saved_sql_mode */ ;
/*!50003 SET character_set_client  = @saved_cs_client */ ;
/*!50003 SET character_set_results = @saved_cs_results */ ;
/*!50003 SET collation_connection  = @saved_col_connection */ ;
/*!40103 SET TIME_ZONE=@OLD_TIME_ZONE */;

/*!40101 SET SQL_MODE=@OLD_SQL_MODE */;
/*!40014 SET FOREIGN_KEY_CHECKS=@OLD_FOREIGN_KEY_CHECKS */;
/*!40014 SET UNIQUE_CHECKS=@OLD_UNIQUE_CHECKS */;
/*!40101 SET CHARACTER_SET_CLIENT=@OLD_CHARACTER_SET_CLIENT */;
/*!40101 SET CHARACTER_SET_RESULTS=@OLD_CHARACTER_SET_RESULTS */;
/*!40101 SET COLLATION_CONNECTION=@OLD_COLLATION_CONNECTION */;
/*!40111 SET SQL_NOTES=@OLD_SQL_NOTES */;

-- Dump completed on 2025-07-10 16:10:36
